timestamp;wipingCmd;WiperMotorAngle;WiperMotorSpeed;wiperMotorLowSpeedOut;wiperMotorHighSpeedOut;Wiping_HMI_rqst;wiperParkStatusIn;wiperParkStatusOut;wiperMotorLowSpeed;Digital_WiperHi;Digital_WiperLo;bWiperMotorLowSpeed;WiperMotorHighSpeed
0;0;0.000000;0.000000;0;0;0;0;0;0;0;0;0;0
99;;;;;;3;;;;;;;
199;;;;;;;;;;;1;;
299;;;;;;0;;;1;;;;
301;1;;;1;;;;;;;;;
303;;;30.000.000;;;;;;;;;;
305;;0.360000;;;;;;;;;;;
307;;0.720000;;;;;;;;1;;;
309;;1.080.000;;;;;;;;;;;
311;;1.440.000;;;;;;;;;;;
313;;1.800.000;;;5;;;;;;;;5
315;;2.160.000;;;;;;;;;;;
317;;2.520.000;;;;;;;;;;;
319;;2.880.000;;;;;;;;;;;
321;;3.240.000;;;;;;;;;;;
323;;3.600.000;;;;;;;;;;;
325;;3.960.000;;;;;;;;;;;
327;;4.320.000;;;;;;;;;;;
329;;4.680.000;;;;;;;;;;;
331;;5.040.000;;;;;;;;;;;
333;;5.400.000;;;;;;;;;;;
335;;5.760.000;;;;;;;;;;;
337;;6.120.000;;;;;;;;;;;
339;;6.480.000;;;;;;;;;;;
341;;6.840.000;;;;;;;;;;;
343;;7.200.000;;;;;;;;;;;
345;;7.560.000;;;;;;;;;;;
347;;7.920.000;;;;;;;;;;;
349;;8.280.000;;;;;;;;;;;
351;;8.640.000;;;;;;;;;;;
353;;9.000.000;;;;;;;;;;;
355;;9.360.000;;;;;;;;;;;
357;;9.720.000;;;;;;;;;;;
359;;10.080.000;;;;;;;;;;;
361;;10.440.000;;;;;;;;;;;
363;;10.800.000;;;;;;;;;;;
365;;11.160.000;;;;;;;;;;;
367;;11.520.000;;;;;;;;;;;
369;;11.880.000;;;;;;;;;;;
371;;12.240.000;;;;;;;;;;;
373;;12.600.000;;;;;;;;;;;
375;;12.960.000;;;;;;;;;;;
377;;13.320.000;;;;;;;;;;;
379;;13.680.000;;;;;;;;;;;
381;;14.040.000;;;;;;;;;;;
383;;14.400.000;;;;;;;;;;;
385;;14.760.000;;;;;;;;;;;
387;;15.120.000;;;;;;;;;;;
389;;15.480.000;;;;;;;;;;;
391;;15.840.000;;;;;;;;;;;
393;;16.200.000;;;;;;;;;;;
395;;16.560.000;;;;;;;;;;;
397;;16.920.000;;;;;;;;;;;
399;;17.280.000;;;;;;;;;;;
401;;17.640.000;;;;;;;;;;;
403;;18.000.000;;;;;;;;;;;
405;;18.360.000;;;;;;;;;;;
407;;18.720.000;;;;;;;;;;;
409;;19.080.000;;;;;;;;;;;
411;;19.440.000;;;;;;;;;;;
413;;19.800.000;;;;;;;;;;;
415;;20.160.000;;;;;;;;;;;
417;;20.520.000;;;;;1;;;;;;
419;;20.880.000;;;;;;;;;;;
421;;21.240.000;;;;;;;;;;;
423;;21.600.000;;;;;;;;;;;
425;;21.960.000;;;;;;;;;;;
427;;22.320.000;;;;;;;;;;;
429;;22.680.000;;;;;;;;;;;
431;;23.040.000;;;;;;;;;;;
433;;23.400.000;;;;;;;;;;;
435;;23.760.000;;;;;;;;;;;
437;;24.120.000;;;;;;;;;;;
439;;24.480.000;;;;;;;;;;;
441;;24.840.000;;;;;;;;;;;
443;;25.200.000;;;;;;;;;;;
445;;25.560.000;;;;;;;;;;;
447;;25.920.000;;;;;;;;;;;
449;;26.280.000;;;;;;1;;;;;
451;;26.640.000;;;;;;;;;;;
453;;27.000.000;;;;;;;;;;;
455;;27.360.000;;;;;;;;;;;
457;;27.720.000;;;;;;;;;;;
459;;28.080.000;;;;;;;;;;;
461;;28.440.000;;;;;;;;;;;
463;;28.800.000;;;;;;;;;;;
465;;29.160.000;;;;;;;;;;;
467;;29.520.000;;;;;;;;;;;
469;;29.880.000;;;;;;;;;;;
471;;30.240.000;;;;;;;;;;;
473;;30.600.000;;;;;;;;;;;
475;;30.960.000;;;;;;;;;;;
477;;31.320.000;;;;;;;;;;;
479;;31.680.000;;;;;;;;;;;
481;;32.040.000;;;;;;;;;;;
483;;32.400.000;;;;;;;;;;;
485;;32.760.000;;;;;;;;;;;
487;;33.120.000;;;;;;;;;;;
489;;33.480.000;;;;;;;;;;;
491;;33.840.000;;;;;;;;;;;
493;;34.200.000;;;;;;;;;;;
495;;34.560.000;;;;;;;;;;;
497;;34.920.000;;;;;;;;;;;
499;;35.280.000;;;;;;;;;;;
501;;35.640.000;;;;;;;;;;;
503;;36.000.000;;;;;;;;;;;
505;;36.360.000;;;;;;;;;;;
507;;36.720.000;;;;;;;;;;;
509;;37.080.000;;;;;;;;;;;
511;;37.440.000;;;;;;;;;;;
513;;37.800.000;;;;;;;;;;;
515;;38.160.000;;;;;;;;;;;
517;;38.520.000;;;;;;;;;;;
519;;38.880.000;;;;;;;;;;;
521;;39.240.000;;;;;;;;;;;
523;;39.600.000;;;;;;;;;;;
525;;39.960.000;;;;;;;;;;;
527;;40.320.000;;;;;;;;;;;
529;;40.680.000;;;;;;;;;;;
531;;41.040.000;;;;;;;;;;;
533;;41.400.000;;;;;;;;;;;
535;;41.760.000;;;;;;;;;;;
537;;42.120.000;;;;;;;;;;;
539;;42.480.000;;;;;;;;;;;
541;;42.840.000;;;;;;;;;;;
543;;43.200.000;;;;;;;;;;;
545;;43.560.000;;;;;;;;;;;
547;;43.920.000;;;;;;;;;;;
549;;44.280.000;;;;;;;;;0;;
551;;44.640.000;;;;;;;;;;;
553;;45.000.000;;;;;;;;;;;
555;;45.360.000;;;;;;;;;;;
557;;45.720.000;;;;;;;;;;;
559;;46.080.000;;;;;;;;;;;
561;;46.440.000;;;;;;;;;;;
563;;46.800.000;;;;;;;;;;;
565;;47.160.000;;;;;;;;;;;
567;;47.520.000;;;;;;;;;;;
569;;47.880.000;;;;;;;;;;;
571;;48.240.000;;;;;;;;;;;
573;;48.600.000;;;;;;;;;;;
575;;48.960.000;;;;;;;;;;;
577;;49.320.000;;;;;;;;;;;
579;;49.680.000;;;;;;;;;;;
581;;50.040.000;;;;;;;;;;;
583;;50.400.000;;;;;;;;;;;
585;;50.760.000;;;;;;;;;;;
587;;51.120.000;;;;;;;;;;;
589;;51.480.000;;;;;;;;;;;
591;;51.840.000;;;;;;;;;;;
593;;52.200.000;;;;;;;;;;;
595;;52.560.000;;;;;;;;;;;
597;;52.920.000;;;;;;;;;;;
599;;53.280.000;;;;5;;;0;;;;
601;;53.640.000;;0;;;;;;;;;
603;;54.000.000;0.000000;;;;;;;;;;
999;;;;;;3;;;;;;;
1099;;;;;;4;;;;;1;;
1199;;;;;;;;;1;;;1;
1201;;;;1;;;;;;;;;
1203;;;30.000.000;;;;;;;;;;
1205;;54.360.000;;;;;;;;;;;
1207;;54.720.000;;;;;;;;;;;
1209;;55.080.000;;;;;;;;;;;
1211;;55.440.000;;;;;;;;;;;
1213;;55.800.000;;;;;;;;;;;
1215;;56.160.000;;;;;;;;;;;
1217;;56.520.000;;;;;;;;;;;
1219;;56.880.000;;;;;;;;;;;
1221;;57.240.000;;;;;;;;;;;
1223;;57.600.000;;;;;;;;;;;
1225;;57.960.000;;;;;;;;;;;
1227;;58.320.000;;;;;;;;;;;
1229;;58.680.000;;;;;;;;;;;
1231;;59.040.000;;;;;;;;;;;
1233;;59.400.000;;;;;;;;;;;
1235;;59.760.000;;;;;;;;;;;
1237;;60.120.000;;;;;;;;;;;
1239;;60.480.000;;;;;;;;;;;
1241;;60.840.000;;;;;;;;;;;
1243;;61.200.000;;;;;;;;;;;
1245;;61.560.000;;;;;;;;;;;
1247;;61.920.000;;;;;;;;;;;
1249;;62.280.000;;;;;;;;;;;
1251;;62.640.000;;;;;;;;;;;
1253;;63.000.000;;;;;;;;;;;
1255;;63.360.000;;;;;;;;;;;
1257;;63.720.000;;;;;;;;;;;
1259;;64.080.000;;;;;;;;;;;
1261;;64.440.000;;;;;;;;;;;
1263;;64.800.000;;;;;;;;;;;
1265;;65.160.000;;;;;;;;;;;
1267;;65.520.000;;;;;;;;;;;
1269;;65.880.000;;;;;;;;;;;
1271;;66.240.000;;;;;;;;;;;
1273;;66.600.000;;;;;;;;;;;
1275;;66.960.000;;;;;;;;;;;
1277;;67.320.000;;;;;;;;;;;
1279;;67.680.000;;;;;;;;;;;
1281;;68.040.000;;;;;;;;;;;
1283;;68.400.000;;;;;;;;;;;
1285;;68.760.000;;;;;;;;;;;
1287;;69.120.000;;;;;;;;;;;
1289;;69.480.000;;;;;;;;;;;
1291;;69.840.000;;;;;;;;;;;
1293;;70.200.000;;;;;;;;;;;
1295;;70.560.000;;;;;;;;;;;
1297;;70.920.000;;;;;;;;;;;
1299;;71.280.000;;;;;;;;;;;
1301;;71.640.000;;;;;;;;;;;
1303;;72.000.000;;;;;;;;;;;
1305;;72.360.000;;;;;;;;;;;
1307;;72.720.000;;;;;;;;;;;
1309;;73.080.000;;;;;;;;;;;
1311;;73.440.000;;;;;;;;;;;
1313;;73.800.000;;;;;;;;;;;
1315;;74.160.000;;;;;;;;;;;
1317;;74.520.000;;;;;;;;;;;
1319;;74.880.000;;;;;;;;;;;
1321;;75.240.000;;;;;;;;;;;
1323;;75.600.000;;;;;;;;;;;
1325;;75.960.000;;;;;;;;;;;
1327;;76.320.000;;;;;;;;;;;
1329;;76.680.000;;;;;;;;;;;
1331;;77.040.000;;;;;;;;;;;
1333;;77.400.000;;;;;;;;;;;
1335;;77.760.000;;;;;;;;;;;
1337;;78.120.000;;;;;;;;;;;
1339;;78.480.000;;;;;;;;;;;
1341;;78.840.000;;;;;;;;;;;
1343;;79.200.000;;;;;;;;;;;
1345;;79.560.000;;;;;;;;;;;
1347;;79.920.000;;;;;;;;;;;
1349;;80.280.000;;;;;;;;;;;
1351;;80.640.000;;;;;;;;;;;
1353;;81.000.000;;;;;;;;;;;
1355;;81.360.000;;;;;;;;;;;
1357;;81.720.000;;;;;;;;;;;
1359;;82.080.000;;;;;;;;;;;
1361;;82.440.000;;;;;;;;;;;
1363;;82.800.000;;;;;;;;;;;
1365;;83.160.000;;;;;;;;;;;
1367;;83.520.000;;;;;;;;;;;
1369;;83.880.000;;;;;;;;;;;
1371;;84.240.000;;;;;;;;;;;
1373;;84.600.000;;;;;;;;;;;
1375;;84.960.000;;;;;;;;;;;
1377;;85.320.000;;;;;;;;;;;
1379;;85.680.000;;;;;;;;;;;
1381;;86.040.000;;;;;;;;;;;
1383;;86.400.000;;;;;;;;;;;
1385;;86.760.000;;;;;;;;;;;
1387;;87.120.000;;;;;;;;;;;
1389;;87.480.000;;;;;;;;;;;
1391;;87.840.000;;;;;;;;;;;
1393;;88.200.000;;;;;;;;;;;
1395;;88.560.000;;;;;;;;;;;
1397;;88.920.000;;;;;;;;;;;
1399;;89.280.000;;;;5;;;;;;;
1401;;89.640.000;;;;;;;;;;;
1403;;90.000.000;;;;;;;;;;;
1405;;90.360.000;;;;;;;;;;;
1407;;90.720.000;;;;;;;;;;;
1409;;91.080.000;;;;;;;;;;;
1411;;91.440.000;;;;;;;;;;;
1413;;91.800.000;;;;;;;;;;;
1415;;92.160.000;;;;;;;;;;;
1417;;92.520.000;;;;;;;;;;;
1419;;92.880.000;;;;;;;;;;;
1421;;93.240.000;;;;;;;;;;;
1423;;93.600.000;;;;;;;;;;;
1425;;93.960.000;;;;;;;;;;;
1427;;94.320.000;;;;;;;;;;;
1429;;94.680.000;;;;;;;;;;;
1431;;95.040.000;;;;;;;;;;;
1433;;95.400.000;;;;;;;;;;;
1435;;95.760.000;;;;;;;;;;;
1437;;96.120.000;;;;;;;;;;;
1439;;96.480.000;;;;;;;;;;;
1441;;96.840.000;;;;;;;;;;;
1443;;97.200.000;;;;;;;;;;;
1445;;97.560.000;;;;;;;;;;;
1447;;97.920.000;;;;;;;;;;;
1449;;98.280.000;;;;;;;;;;;
1451;;98.640.000;;;;;;;;;;;
1453;;99.000.000;;;;;;;;;;;
1455;;99.360.000;;;;;;;;;;;
1457;;99.720.000;;;;;;;;;;;
1459;;100.080.000;;;;;;;;;;;
1461;;100.440.000;;;;;;;;;;;
1463;;100.800.000;;;;;;;;;;;
1465;;101.160.000;;;;;;;;;;;
1467;;101.520.000;;;;;;;;;;;
1469;;101.880.000;;;;;;;;;;;
1471;;102.240.000;;;;;;;;;;;
1473;;102.600.000;;;;;;;;;;;
1475;;102.960.000;;;;;;;;;;;
1477;;103.320.000;;;;;;;;;;;
1479;;103.680.000;;;;;;;;;;;
1481;;104.040.000;;;;;;;;;;;
1483;;104.400.000;;;;;;;;;;;
1485;;104.760.000;;;;;;;;;;;
1487;;105.120.000;;;;;;;;;;;
1489;;105.480.000;;;;;;;;;;;
1491;;105.840.000;;;;;;;;;;;
1493;;106.200.000;;;;;;;;;;;
1495;;106.560.000;;;;;;;;;;;
1497;;106.920.000;;;;;;;;;;;
1499;;107.280.000;;;;;;;;;0;;
1501;;107.640.000;;;;;;;;;;;
1503;;108.000.000;;;;;;;;;;;
1505;;108.360.000;;;;;;;;;;;
1507;;108.720.000;;;;;;;;;;;
1509;;109.080.000;;;;;;;;;;;
1511;;109.440.000;;;;;;;;;;;
1513;;109.800.000;;;;;;;;;;;
1515;;110.160.000;;;;;;;;;;;
1517;;110.520.000;;;;;;;;;;;
1519;;110.880.000;;;;;;;;;;;
1521;;111.240.000;;;;;;;;;;;
1523;;111.600.000;;;;;;;;;;;
1525;;111.960.000;;;;;;;;;;;
1527;;112.320.000;;;;;;;;;;;
1529;;112.680.000;;;;;;;;;;;
1531;;113.040.000;;;;;;;;;;;
1533;;113.400.000;;;;;;;;;;;
1535;;113.760.000;;;;;;;;;;;
1537;;114.120.000;;;;;;;;;;;
1539;;114.480.000;;;;;;;;;;;
1541;;114.840.000;;;;;;;;;;;
1543;;115.200.000;;;;;;;;;;;
1545;;115.560.000;;;;;;;;;;;
1547;;115.920.000;;;;;;;;;;;
1549;;116.280.000;;;;;;;;;;;
1551;;116.640.000;;;;;;;;;;;
1553;;117.000.000;;;;;;;;;;;
1555;;117.360.000;;;;;;;;;;;
1557;;117.720.000;;;;;;;;;;;
1559;;118.080.000;;;;;;;;;;;
1561;;118.440.000;;;;;;;;;;;
1563;;118.800.000;;;;;;;;;;;
1565;;119.160.000;;;;;;;;;;;
1567;;119.520.000;;;;;;;;;;;
1569;;119.880.000;;;;;;;;;;;
1571;;120.240.000;;;;;;;;;;;
1573;;120.600.000;;;;;;;;;;;
1575;;120.960.000;;;;;;;;;;;
1577;;121.320.000;;;;;;;;;;;
1579;;121.680.000;;;;;;;;;;;
1581;;122.040.000;;;;;;;;;;;
1583;;122.400.000;;;;;;;;;;;
1585;;122.760.000;;;;;;;;;;;
1587;;123.120.000;;;;;;;;;;;
1589;;123.480.000;;;;;;;;;;;
1591;;123.840.000;;;;;;;;;;;
1593;;124.200.000;;;;;;;;;;;
1595;;124.560.000;;;;;;;;;;;
1597;;124.920.000;;;;;;;;;;;
1599;;125.280.000;;;;;;;0;;;;
1601;;125.640.000;;0;;;;;;;;;
1603;;126.000.000;0.000000;;;;;;;;;;
1899;;;;;;4;;;;;;;
1999;;;;;;;;;;;1;;
2099;;;;;;;;;1;;;;
2101;;;;1;;;;;;;;;
2103;;;30.000.000;;;;;;;;;;
2105;;126.360.000;;;;;;;;;;;
2107;;126.720.000;;;;;;;;;;;
2109;;127.080.000;;;;;;;;;;;
2111;;127.440.000;;;;;;;;;;;
2113;;127.800.000;;;;;;;;;;;
2115;;128.160.000;;;;;;;;;;;
2117;;128.520.000;;;;;;;;;;;
2119;;128.880.000;;;;;;;;;;;
2121;;129.240.000;;;;;;;;;;;
2123;;129.600.000;;;;;;;;;;;
2125;;129.960.000;;;;;;;;;;;
2127;;130.320.000;;;;;;;;;;;
2129;;130.680.000;;;;;;;;;;;
2131;;131.040.000;;;;;;;;;;;
2133;;131.400.000;;;;;;;;;;;
2135;;131.760.000;;;;;;;;;;;
2137;;132.120.000;;;;;;;;;;;
2139;;132.480.000;;;;;;;;;;;
2141;;132.840.000;;;;;;;;;;;
2143;;133.200.000;;;;;;;;;;;
2145;;133.560.000;;;;;;;;;;;
2147;;133.920.000;;;;;;;;;;;
2149;;134.280.000;;;;;;;;;;;
2151;;134.640.000;;;;;;;;;;;
2153;;135.000.000;;;;;;;;;;;
2155;;135.360.000;;;;;;;;;;;
2157;;135.720.000;;;;;;;;;;;
2159;;136.080.000;;;;;;;;;;;
2161;;136.440.000;;;;;;;;;;;
2163;;136.800.000;;;;;;;;;;;
2165;;137.160.000;;;;;;;;;;;
2167;;137.520.000;;;;;;;;;;;
2169;;137.880.000;;;;;;;;;;;
2171;;138.240.000;;;;;;;;;;;
2173;;138.600.000;;;;;;;;;;;
2175;;138.960.000;;;;;;;;;;;
2177;;139.320.000;;;;;;;;;;;
2179;;139.680.000;;;;;;;;;;;
2181;;140.040.000;;;;;;;;;;;
2183;;140.400.000;;;;;;;;;;;
2185;;140.760.000;;;;;;;;;;;
2187;;141.120.000;;;;;;;;;;;
2189;;141.480.000;;;;;;;;;;;
2191;;141.840.000;;;;;;;;;;;
2193;;142.200.000;;;;;;;;;;;
2195;;142.560.000;;;;;;;;;;;
2197;;142.920.000;;;;;;;;;;;
2199;;143.280.000;;;;;;;;;;;
2201;;143.640.000;;;;;;;;;;;
2203;;144.000.000;;;;;;;;;;;
2205;;144.360.000;;;;;;;;;;;
2207;;144.720.000;;;;;;;;;;;
2209;;145.080.000;;;;;;;;;;;
2211;;145.440.000;;;;;;;;;;;
2213;;145.800.000;;;;;;;;;;;
2215;;146.160.000;;;;;;;;;;;
2217;;146.520.000;;;;;;;;;;;
2219;;146.880.000;;;;;;;;;;;
2221;;147.240.000;;;;;;;;;;;
2223;;147.600.000;;;;;;;;;;;
2225;;147.960.000;;;;;;;;;;;
2227;;148.320.000;;;;;;;;;;;
2229;;148.680.000;;;;;;;;;;;
2231;;149.040.000;;;;;;;;;;;
2233;;149.400.000;;;;;;;;;;;
2235;;149.760.000;;;;;;;;;;;
2237;;150.120.000;;;;;;;;;;;
2239;;150.480.000;;;;;;;;;;;
2241;;150.840.000;;;;;;;;;;;
2243;;151.200.000;;;;;;;;;;;
2245;;151.560.000;;;;;;;;;;;
2247;;151.920.000;;;;;;;;;;;
2249;;152.280.000;;;;;;;;;;;
2251;;152.640.000;;;;;;;;;;;
2253;;153.000.000;;;;;;;;;;;
2255;;153.360.000;;;;;;;;;;;
2257;;153.720.000;;;;;;;;;;;
2259;;154.080.000;;;;;;;;;;;
2261;;154.440.000;;;;;;;;;;;
2263;;154.800.000;;;;;;;;;;;
2265;;155.160.000;;;;;;;;;;;
2267;;155.520.000;;;;;;;;;;;
2269;;155.880.000;;;;;;;;;;;
2271;;156.240.000;;;;;;;;;;;
2273;;156.600.000;;;;;;;;;;;
2275;;156.960.000;;;;;;;;;;;
2277;;157.320.000;;;;;;;;;;;
2279;;157.680.000;;;;;;;;;;;
2281;;158.040.000;;;;;;;;;;;
2283;;158.400.000;;;;;;;;;;;
2285;;158.760.000;;;;;;;;;;;
2287;;159.120.000;;;;;;;;;;;
2289;;159.480.000;;;;;;;;;;;
2291;;159.840.000;;;;;;;;;;;
2293;;160.200.000;;;;;;;;;;;
2295;;160.560.000;;;;;;;;;;;
2297;;160.920.000;;;;;;;;;;;
2299;;161.280.000;;;;;;;;;;;
2301;;161.640.000;;;;;;;;;;;
2303;;162.000.000;;;;;;;;;;;
2305;;162.360.000;;;;;;;;;;;
2307;;162.720.000;;;;;;;;;;;
2309;;163.080.000;;;;;;;;;;;
2311;;163.440.000;;;;;;;;;;;
2313;;163.800.000;;;;;;;;;;;
2315;;164.160.000;;;;;;;;;;;
2317;;164.520.000;;;;;;;;;;;
2319;;164.880.000;;;;;;;;;;;
2321;;165.240.000;;;;;;;;;;;
2323;;165.600.000;;;;;;;;;;;
2325;;165.960.000;;;;;;;;;;;
2327;;166.320.000;;;;;;;;;;;
2329;;166.680.000;;;;;;;;;;;
2331;;167.040.000;;;;;;;;;;;
2333;;167.400.000;;;;;;;;;;;
2335;;167.760.000;;;;;;;;;;;
2337;;168.120.000;;;;;;;;;;;
2339;;168.480.000;;;;;;;;;;;
2341;;168.840.000;;;;;;;;;;;
2343;;169.200.000;;;;;;;;;;;
2345;;169.560.000;;;;;;;;;;;
2347;;169.920.000;;;;;;;;;;;
2349;;170.280.000;;;;;;;;;;;
2351;;170.640.000;;;;;;;;;;;
2353;;171.000.000;;;;;;;;;;;
2355;;171.360.000;;;;;;;;;;;
2357;;171.720.000;;;;;;;;;;;
2359;;172.080.000;;;;;;;;;;;
2361;;172.440.000;;;;;;;;;;;
2363;;172.800.000;;;;;;;;;;;
2365;;173.160.000;;;;;;;;;;;
2367;;173.520.000;;;;;;;;;;;
2369;;173.880.000;;;;;;;;;;;
2371;;174.240.000;;;;;;;;;;;
2373;;174.600.000;;;;;;;;;;;
2375;;174.960.000;;;;;;;;;;;
2377;;175.320.000;;;;;;;;;;;
2379;;175.680.000;;;;;;;;;;;
2381;;176.040.000;;;;;;;;;;;
2383;;176.400.000;;;;;;;;;;;
2385;;176.760.000;;;;;;;;;;;
2387;;177.120.000;;;;;;;;;;;
2389;;177.480.000;;;;;;;;;;;
2391;;177.840.000;;;;;;;;;;;
2393;;178.200.000;;;;;;;;;;;
2395;;178.560.000;;;;;;;;;;;
2397;;178.920.000;;;;;;;;;;;
2399;;179.280.000;;;;;;;;;;;
2401;;179.640.000;;;;;;;;;;;
2403;;180.000.000;;;;;;;;;;;
2405;;180.360.000;;;;;;;;;;;
2407;;180.720.000;;;;;;;;;;;
2409;;181.080.000;;;;;;;;;;;
2411;;181.440.000;;;;;;;;;;;
2413;;181.800.000;;;;;;;;;;;
2415;;182.160.000;;;;;;;;;;;
2417;;182.520.000;;;;;;;;;;;
2419;;182.880.000;;;;;;;;;;;
2421;;183.240.000;;;;;;;;;;;
2423;;183.600.000;;;;;;;;;;;
2425;;183.960.000;;;;;;;;;;;
2427;;184.320.000;;;;;;;;;;;
2429;;184.680.000;;;;;;;;;;;
2431;;185.040.000;;;;;;;;;;;
2433;;185.400.000;;;;;;;;;;;
2435;;185.760.000;;;;;;;;;;;
2437;;186.120.000;;;;;;;;;;;
2439;;186.480.000;;;;;;;;;;;
2441;;186.840.000;;;;;;;;;;;
2443;;187.200.000;;;;;;;;;;;
2445;;187.560.000;;;;;;;;;;;
2447;;187.920.000;;;;;;;;;;;
2449;;188.280.000;;;;;;;;;;;
2451;;188.640.000;;;;;;;;;;;
2453;;189.000.000;;;;;;;;;;;
2455;;189.360.000;;;;;;;;;;;
2457;;189.720.000;;;;;;;;;;;
2459;;190.080.000;;;;;;;;;;;
2461;;190.440.000;;;;;;;;;;;
2463;;190.800.000;;;;;;;;;;;
2465;;191.160.000;;;;;;;;;;;
2467;;191.520.000;;;;;;;;;;;
2469;;191.880.000;;;;;;;;;;;
2471;;192.240.000;;;;;;;;;;;
2473;;192.600.000;;;;;;;;;;;
2475;;192.960.000;;;;;;;;;;;
2477;;193.320.000;;;;;;;;;;;
2479;;193.680.000;;;;;;;;;;;
2481;;194.040.000;;;;;;;;;;;
2483;;194.400.000;;;;;;;;;;;
2485;;194.760.000;;;;;;;;;;;
2487;;195.120.000;;;;;;;;;;;
2489;;195.480.000;;;;;;;;;;;
2491;;195.840.000;;;;;;;;;;;
2493;;196.200.000;;;;;;;;;;;
2495;;196.560.000;;;;;;;;;;;
2497;;196.920.000;;;;;;;;;;;
2499;;197.280.000;;;;;;;;;;;
2501;;197.640.000;;;;;;;;;;;
2503;;198.000.000;;;;;;;;;;;
2505;;198.360.000;;;;;;;;;;;
2507;;198.720.000;;;;;;;;;;;
2509;;199.080.000;;;;;;;;;;;
2511;;199.440.000;;;;;;;;;;;
2513;;199.800.000;;;;;;;;;;;
2515;;200.160.000;;;;;;;;;;;
2517;;200.520.000;;;;;;;;;;;
2519;;200.880.000;;;;;;;;;;;
2521;;201.240.000;;;;;;;;;;;
2523;;201.600.000;;;;;;;;;;;
2525;;201.960.000;;;;;;;;;;;
2527;;202.320.000;;;;;;;;;;;
2529;;202.680.000;;;;;;;;;;;
2531;;203.040.000;;;;;;;;;;;
2533;;203.400.000;;;;;;;;;;;
2535;;203.760.000;;;;;;;;;;;
2537;;204.120.000;;;;;;;;;;;
2539;;204.480.000;;;;;;;;;;;
2541;;204.840.000;;;;;;;;;;;
2543;;205.200.000;;;;;;;;;;;
2545;;205.560.000;;;;;;;;;;;
2547;;205.920.000;;;;;;;;;;;
2549;;206.280.000;;;;;;;;;;;
2551;;206.640.000;;;;;;;;;;;
2553;;207.000.000;;;;;;;;;;;
2555;;207.360.000;;;;;;;;;;;
2557;;207.720.000;;;;;;;;;;;
2559;;208.080.000;;;;;;;;;;;
2561;;208.440.000;;;;;;;;;;;
2563;;208.800.000;;;;;;;;;;;
2565;;209.160.000;;;;;;;;;;;
2567;;209.520.000;;;;;;;;;;;
2569;;209.880.000;;;;;;;;;;;
2571;;210.240.000;;;;;;;;;;;
2573;;210.600.000;;;;;;;;;;;
2575;;210.960.000;;;;;;;;;;;
2577;;211.320.000;;;;;;;;;;;
2579;;211.680.000;;;;;;;;;;;
2581;;212.040.000;;;;;;;;;;;
2583;;212.400.000;;;;;;;;;;;
2585;;212.760.000;;;;;;;;;;;
2587;;213.120.000;;;;;;;;;;;
2589;;213.480.000;;;;;;;;;;;
2591;;213.840.000;;;;;;;;;;;
2593;;214.200.000;;;;;;;;;;;
2595;;214.560.000;;;;;;;;;;;
2597;;214.920.000;;;;;;;;;;;
2599;;215.280.000;;;;;;;;;;;
2601;;215.640.000;;;;;;;;;;;
2603;;216.000.000;;;;;;;;;;;
2605;;216.360.000;;;;;;;;;;;
2607;;216.720.000;;;;;;;;;;;
2609;;217.080.000;;;;;;;;;;;
2611;;217.440.000;;;;;;;;;;;
2613;;217.800.000;;;;;;;;;;;
2615;;218.160.000;;;;;;;;;;;
2617;;218.520.000;;;;;;;;;;;
2619;;218.880.000;;;;;;;;;;;
2621;;219.240.000;;;;;;;;;;;
2623;;219.600.000;;;;;;;;;;;
2625;;219.960.000;;;;;;;;;;;
2627;;220.320.000;;;;;;;;;;;
2629;;220.680.000;;;;;;;;;;;
2631;;221.040.000;;;;;;;;;;;
2633;;221.400.000;;;;;;;;;;;
2635;;221.760.000;;;;;;;;;;;
2637;;222.120.000;;;;;;;;;;;
2639;;222.480.000;;;;;;;;;;;
2641;;222.840.000;;;;;;;;;;;
2643;;223.200.000;;;;;;;;;;;
2645;;223.560.000;;;;;;;;;;;
2647;;223.920.000;;;;;;;;;;;
2649;;224.280.000;;;;;;;;;;;
2651;;224.640.000;;;;;;;;;;;
2653;;225.000.000;;;;;;;;;;;
2655;;225.360.000;;;;;;;;;;;
2657;;225.720.000;;;;;;;;;;;
2659;;226.080.000;;;;;;;;;;;
2661;;226.440.000;;;;;;;;;;;
2663;;226.800.000;;;;;;;;;;;
2665;;227.160.000;;;;;;;;;;;
2667;;227.520.000;;;;;;;;;;;
2669;;227.880.000;;;;;;;;;;;
2671;;228.240.000;;;;;;;;;;;
2673;;228.600.000;;;;;;;;;;;
2675;;228.960.000;;;;;;;;;;;
2677;;229.320.000;;;;;;;;;;;
2679;;229.680.000;;;;;;;;;;;
2681;;230.040.000;;;;;;;;;;;
2683;;230.400.000;;;;;;;;;;;
2685;;230.760.000;;;;;;;;;;;
2687;;231.120.000;;;;;;;;;;;
2689;;231.480.000;;;;;;;;;;;
2691;;231.840.000;;;;;;;;;;;
2693;;232.200.000;;;;;;;;;;;
2695;;232.560.000;;;;;;;;;;;
2697;;232.920.000;;;;;;;;;;;
2699;;233.280.000;;;;;;;;;;;
2701;;233.640.000;;;;;;;;;;;
2703;;234.000.000;;;;;;;;;;;
2705;;234.360.000;;;;;;;;;;;
2707;;234.720.000;;;;;;;;;;;
2709;;235.080.000;;;;;;;;;;;
2711;;235.440.000;;;;;;;;;;;
2713;;235.800.000;;;;;;;;;;;
2715;;236.160.000;;;;;;;;;;;
2717;;236.520.000;;;;;;;;;;;
2719;;236.880.000;;;;;;;;;;;
2721;;237.240.000;;;;;;;;;;;
2723;;237.600.000;;;;;;;;;;;
2725;;237.960.000;;;;;;;;;;;
2727;;238.320.000;;;;;;;;;;;
2729;;238.680.000;;;;;;;;;;;
2731;;239.040.000;;;;;;;;;;;
2733;;239.400.000;;;;;;;;;;;
2735;;239.760.000;;;;;;;;;;;
2737;;240.120.000;;;;;;;;;;;
2739;;240.480.000;;;;;;;;;;;
2741;;240.840.000;;;;;;;;;;;
2743;;241.200.000;;;;;;;;;;;
2745;;241.560.000;;;;;;;;;;;
2747;;241.920.000;;;;;;;;;;;
2749;;242.280.000;;;;;;;;;;;
2751;;242.640.000;;;;;;;;;;;
2753;;243.000.000;;;;;;;;;;;
2755;;243.360.000;;;;;;;;;;;
2757;;243.720.000;;;;;;;;;;;
2759;;244.080.000;;;;;;;;;;;
2761;;244.440.000;;;;;;;;;;;
2763;;244.800.000;;;;;;;;;;;
2765;;245.160.000;;;;;;;;;;;
2767;;245.520.000;;;;;;;;;;;
2769;;245.880.000;;;;;;;;;;;
2771;;246.240.000;;;;;;;;;;;
2773;;246.600.000;;;;;;;;;;;
2775;;246.960.000;;;;;;;;;;;
2777;;247.320.000;;;;;;;;;;;
2779;;247.680.000;;;;;;;;;;;
2781;;248.040.000;;;;;;;;;;;
2783;;248.400.000;;;;;;;;;;;
2785;;248.760.000;;;;;;;;;;;
2787;;249.120.000;;;;;;;;;;;
2789;;249.480.000;;;;;;;;;;;
2791;;249.840.000;;;;;;;;;;;
2793;;250.200.000;;;;;;;;;;;
2795;;250.560.000;;;;;;;;;;;
2797;;250.920.000;;;;;;;;;;;
2799;;251.280.000;;;;;;;;;;;
2801;;251.640.000;;;;;;;;;;;
2803;;252.000.000;;;;;;;;;;;
2805;;252.360.000;;;;;;;;;;;
2807;;252.720.000;;;;;;;;;;;
2809;;253.080.000;;;;;;;;;;;
2811;;253.440.000;;;;;;;;;;;
2813;;253.800.000;;;;;;;;;;;
2815;;254.160.000;;;;;;;;;;;
2817;;254.520.000;;;;;;;;;;;
2819;;254.880.000;;;;;;;;;;;
2821;;255.240.000;;;;;;;;;;;
2823;;255.600.000;;;;;;;;;;;
2825;;255.960.000;;;;;;;;;;;
2827;;256.320.000;;;;;;;;;;;
2829;;256.680.000;;;;;;;;;;;
2831;;257.040.000;;;;;;;;;;;
2833;;257.400.000;;;;;;;;;;;
2835;;257.760.000;;;;;;;;;;;
2837;;258.120.000;;;;;;;;;;;
2839;;258.480.000;;;;;;;;;;;
2841;;258.840.000;;;;;;;;;;;
2843;;259.200.000;;;;;;;;;;;
2845;;259.560.000;;;;;;;;;;;
2847;;259.920.000;;;;;;;;;;;
2849;;260.280.000;;;;;;;;;;;
2851;;260.640.000;;;;;;;;;;;
2853;;261.000.000;;;;;;;;;;;
2855;;261.360.000;;;;;;;;;;;
2857;;261.720.000;;;;;;;;;;;
2859;;262.080.000;;;;;;;;;;;
2861;;262.440.000;;;;;;;;;;;
2863;;262.800.000;;;;;;;;;;;
2865;;263.160.000;;;;;;;;;;;
2867;;263.520.000;;;;;;;;;;;
2869;;263.880.000;;;;;;;;;;;
2871;;264.240.000;;;;;;;;;;;
2873;;264.600.000;;;;;;;;;;;
2875;;264.960.000;;;;;;;;;;;
2877;;265.320.000;;;;;;;;;;;
2879;;265.680.000;;;;;;;;;;;
2881;;266.040.000;;;;;;;;;;;
2883;;266.400.000;;;;;;;;;;;
2885;;266.760.000;;;;;;;;;;;
2887;;267.120.000;;;;;;;;;;;
2889;;267.480.000;;;;;;;;;;;
2891;;267.840.000;;;;;;;;;;;
2893;;268.200.000;;;;;;;;;;;
2895;;268.560.000;;;;;;;;;;;
2897;;268.920.000;;;;;;;;;;;
2899;;269.280.000;;;;3;;;;;;;
2901;;269.640.000;;;;;;;;;;;
2903;;270.000.000;;;;;;;;;;;
2905;;270.360.000;;;;;;;;;;;
2907;;270.720.000;;;;;;;;;;;
2909;;271.080.000;;;;;;;;;;;
2911;;271.440.000;;;;;;;;;;;
2913;;271.800.000;;;;;;;;;;;
2915;;272.160.000;;;;;;;;;;;
2917;;272.520.000;;;;;;;;;;;
2919;;272.880.000;;;;;;;;;;;
2921;;273.240.000;;;;;;;;;;;
2923;;273.600.000;;;;;;;;;;;
2925;;273.960.000;;;;;;;;;;;
2927;;274.320.000;;;;;;;;;;;
2929;;274.680.000;;;;;;;;;;;
2931;;275.040.000;;;;;;;;;;;
2933;;275.400.000;;;;;;;;;;;
2935;;275.760.000;;;;;;;;;;;
2937;;276.120.000;;;;;;;;;;;
2939;;276.480.000;;;;;;;;;;;
2941;;276.840.000;;;;;;;;;;;
2943;;277.200.000;;;;;;;;;;;
2945;;277.560.000;;;;;;;;;;;
2947;;277.920.000;;;;;;;;;;;
2949;;278.280.000;;;;;;;;;;;
2951;;278.640.000;;;;;;;;;;;
2953;;279.000.000;;;;;;;;;;;
2955;;279.360.000;;;;;;;;;;;
2957;;279.720.000;;;;;;;;;;;
2959;;280.080.000;;;;;;;;;;;
2961;;280.440.000;;;;;;;;;;;
2963;;280.800.000;;;;;;;;;;;
2965;;281.160.000;;;;;;;;;;;
2967;;281.520.000;;;;;;;;;;;
2969;;281.880.000;;;;;;;;;;;
2971;;282.240.000;;;;;;;;;;;
2973;;282.600.000;;;;;;;;;;;
2975;;282.960.000;;;;;;;;;;;
2977;;283.320.000;;;;;;;;;;;
2979;;283.680.000;;;;;;;;;;;
2981;;284.040.000;;;;;;;;;;;
2983;;284.400.000;;;;;;;;;;;
2985;;284.760.000;;;;;;;;;;;
2987;;285.120.000;;;;;;;;;;;
2989;;285.480.000;;;;;;;;;;;
2991;;285.840.000;;;;;;;;;;;
2993;;286.200.000;;;;;;;;;;;
2995;;286.560.000;;;;;;;;;;;
2997;;286.920.000;;;;;;;;;;;
2999;;287.280.000;;;;;;;;;;;
3001;;287.640.000;;;;;;;;;;;
3003;;288.000.000;;;;;;;;;;;
3005;;288.360.000;;;;;;;;;;;
3007;;288.720.000;;;;;;;;;;;
3009;;289.080.000;;;;;;;;;;;
3011;;289.440.000;;;;;;;;;;;
3013;;289.800.000;;;;;;;;;;;
3015;;290.160.000;;;;;;;;;;;
3017;;290.520.000;;;;;;;;;;;
3019;;290.880.000;;;;;;;;;;;
3021;;291.240.000;;;;;;;;;;;
3023;;291.600.000;;;;;;;;;;;
3025;;291.960.000;;;;;;;;;;;
3027;;292.320.000;;;;;;;;;;;
3029;;292.680.000;;;;;;;;;;;
3031;;293.040.000;;;;;;;;;;;
3033;;293.400.000;;;;;;;;;;;
3035;;293.760.000;;;;;;;;;;;
3037;;294.120.000;;;;;;;;;;;
3039;;294.480.000;;;;;;;;;;;
3041;;294.840.000;;;;;;;;;;;
3043;;295.200.000;;;;;;;;;;;
3045;;295.560.000;;;;;;;;;;;
3047;;295.920.000;;;;;;;;;;;
3049;;296.280.000;;;;;;;;;;;
3051;;296.640.000;;;;;;;;;;;
3053;;297.000.000;;;;;;;;;;;
3055;;297.360.000;;;;;;;;;;;
3057;;297.720.000;;;;;;;;;;;
3059;;298.080.000;;;;;;;;;;;
3061;;298.440.000;;;;;;;;;;;
3063;;298.800.000;;;;;;;;;;;
3065;;299.160.000;;;;;;;;;;;
3067;;299.520.000;;;;;;;;;;;
3069;;299.880.000;;;;;;;;;;;
3071;;300.240.000;;;;;;;;;;;
3073;;300.600.000;;;;;;;;;;;
3075;;300.960.000;;;;;;;;;;;
3077;;301.320.000;;;;;;;;;;;
3079;;301.680.000;;;;;;;;;;;
3081;;302.040.000;;;;;;;;;;;
3083;;302.400.000;;;;;;;;;;;
3085;;302.760.000;;;;;;;;;;;
3087;;303.120.000;;;;;;;;;;;
3089;;303.480.000;;;;;;;;;;;
3091;;303.840.000;;;;;;;;;;;
3093;;304.200.000;;;;;;;;;;;
3095;;304.560.000;;;;;;;;;;;
3097;;304.920.000;;;;;;;;;;;
3099;;305.280.000;;;;;;;;;;;
3101;;305.640.000;;;;;;;;;;;
3103;;306.000.000;;;;;;;;;;;
3105;;306.360.000;;;;;;;;;;;
3107;;306.720.000;;;;;;;;;;;
3109;;307.080.000;;;;;;;;;;;
3111;;307.440.000;;;;;;;;;;;
3113;;307.800.000;;;;;;;;;;;
3115;;308.160.000;;;;;;;;;;;
3117;;308.520.000;;;;;;;;;;;
3119;;308.880.000;;;;;;;;;;;
3121;;309.240.000;;;;;;;;;;;
3123;;309.600.000;;;;;;;;;;;
3125;;309.960.000;;;;;;;;;;;
3127;;310.320.000;;;;;;;;;;;
3129;;310.680.000;;;;;;;;;;;
3131;;311.040.000;;;;;;;;;;;
3133;;311.400.000;;;;;;;;;;;
3135;;311.760.000;;;;;;;;;;;
3137;;312.120.000;;;;;;;;;;;
3139;;312.480.000;;;;;;;;;;;
3141;;312.840.000;;;;;;;;;;;
3143;;313.200.000;;;;;;;;;;;
3145;;313.560.000;;;;;;;;;;;
3147;;313.920.000;;;;;;;;;;;
3149;;314.280.000;;;;;;;;;;;
3151;;314.640.000;;;;;;;;;;;
3153;;315.000.000;;;;;;;;;;;
3155;;315.360.000;;;;;;;;;;;
3157;;315.720.000;;;;;;;;;;;
3159;;316.080.000;;;;;;;;;;;
3161;;316.440.000;;;;;;;;;;;
3163;;316.800.000;;;;;;;;;;;
3165;;317.160.000;;;;;;;;;;;
3167;;317.520.000;;;;;;;;;;;
3169;;317.880.000;;;;;;;;;;;
3171;;318.240.000;;;;;;;;;;;
3173;;318.600.000;;;;;;;;;;;
3175;;318.960.000;;;;;;;;;;;
3177;;319.320.000;;;;;;;;;;;
3179;;319.680.000;;;;;;;;;;;
3181;;320.040.000;;;;;;;;;;;
3183;;320.400.000;;;;;;;;;;;
3185;;320.760.000;;;;;;;;;;;
3187;;321.120.000;;;;;;;;;;;
3189;;321.480.000;;;;;;;;;;;
3191;;321.840.000;;;;;;;;;;;
3193;;322.200.000;;;;;;;;;;;
3195;;322.560.000;;;;;;;;;;;
3197;;322.920.000;;;;;;;;;;;
3199;;323.280.000;;;;;;;;;;;
3201;;323.640.000;;;;;;;;;;;
3203;;324.000.000;;;;;;;;;;;
3205;;324.360.000;;;;;;;;;;;
3207;;324.720.000;;;;;;;;;;;
3209;;325.080.000;;;;;;;;;;;
3211;;325.440.000;;;;;;;;;;;
3213;;325.800.000;;;;;;;;;;;
3215;;326.160.000;;;;;;;;;;;
3217;;326.520.000;;;;;;;;;;;
3219;;326.880.000;;;;;;;;;;;
3221;;327.240.000;;;;;;;;;;;
3223;;327.600.000;;;;;;;;;;;
3225;;327.960.000;;;;;;;;;;;
3227;;328.320.000;;;;;;;;;;;
3229;;328.680.000;;;;;;;;;;;
3231;;329.040.000;;;;;;;;;;;
3233;;329.400.000;;;;;;;;;;;
3235;;329.760.000;;;;;;;;;;;
3237;;330.120.000;;;;;;;;;;;
3239;;330.480.000;;;;;;;;;;;
3241;;330.840.000;;;;;;;;;;;
3243;;331.200.000;;;;;;;;;;;
3245;;331.560.000;;;;;;;;;;;
3247;;331.920.000;;;;;;;;;;;
3249;;332.280.000;;;;;;;;;;;
3251;;332.640.000;;;;;;;;;;;
3253;;333.000.000;;;;;;;;;;;
3255;;333.360.000;;;;;;;;;;;
3257;;333.720.000;;;;;;;;;;;
3259;;334.080.000;;;;;;;;;;;
3261;;334.440.000;;;;;;;;;;;
3263;;334.800.000;;;;;;;;;;;
3265;;335.160.000;;;;;;;;;;;
3267;;335.520.000;;;;;;;;;;;
3269;;335.880.000;;;;;;;;;;;
3271;;336.240.000;;;;;;;;;;;
3273;;336.600.000;;;;;;;;;;;
3275;;336.960.000;;;;;;;;;;;
3277;;337.320.000;;;;;;;;;;;
3279;;337.680.000;;;;;;;;;;;
3281;;338.040.000;;;;;;;;;;;
3283;;338.400.000;;;;;;;;;;;
3285;;338.760.000;;;;;;;;;;;
3287;;339.120.000;;;;;;;;;;;
3289;;339.480.000;;;;;;;;;;;
3291;;339.840.000;;;;;;;;;;;
3293;;340.200.000;;;;;;;;;;;
3295;;340.560.000;;;;;0;;;;;;
3297;;340.920.000;;;;;;;;;;;
3299;;341.280.000;;;;;;0;;;;;
3301;;341.640.000;;;;;;;;;;;
3303;;342.000.000;;;;;;;;;;;
3305;;342.360.000;;;;;;;;;;;
3307;;342.720.000;;;;;;;;;;;
3309;;343.080.000;;;;;;;;;;;
3311;;343.440.000;;;;;;;;;;;
3313;;343.800.000;;;;;;;;;;;
3315;;344.160.000;;;;;;;;;;;
3317;;344.520.000;;;;;;;;;;;
3319;;344.880.000;;;;;;;;;;;
3321;;345.240.000;;;;;;;;;;;
3323;;345.600.000;;;;;;;;;;;
3325;;345.960.000;;;;;;;;;;;
3327;;346.320.000;;;;;;;;;;;
3329;;346.680.000;;;;;;;;;;;
3331;;347.040.000;;;;;;;;;;;
3333;;347.400.000;;;;;;;;;;;
3335;;347.760.000;;;;;;;;;;;
3337;;348.120.000;;;;;;;;;;;
3339;;348.480.000;;;;;;;;;;;
3341;;348.840.000;;;;;;;;;;;
3343;;349.200.000;;;;;;;;;;;
3345;;349.560.000;;;;;;;;;;;
3347;;349.920.000;;;;;;;;;;;
3349;;350.280.000;;;;;;;;;;;
3351;;350.640.000;;;;;;;;;;;
3353;;351.000.000;;;;;;;;;;;
3355;;351.360.000;;;;;;;;;;;
3357;;351.720.000;;;;;;;;;;;
3359;;352.080.000;;;;;;;;;;;
3361;;352.440.000;;;;;;;;;;;
3363;;352.800.000;;;;;;;;;;;
3365;;353.160.000;;;;;;;;;;;
3367;;353.520.000;;;;;;;;;;;
3369;;353.880.000;;;;;;;;;;;
3371;;354.240.000;;;;;;;;;;;
3373;;354.600.000;;;;;;;;;;;
3375;;354.960.000;;;;;;;;;;;
3377;;355.320.000;;;;;;;;;;;
3379;;355.680.000;;;;;;;;;;;
3381;;356.040.000;;;;;;;;;;;
3383;;356.400.000;;;;;;;;;;;
3385;;356.760.000;;;;;;;;;;;
3387;;357.120.000;;;;;;;;;;;
3389;;357.480.000;;;;;;;;;;;
3391;;357.840.000;;;;;;;;;;;
3393;;358.200.000;;;;;;;;;;;
3395;;358.560.000;;;;;;;;;;;
3397;;358.920.000;;;;;;;;;;;
3399;;359.280.000;;;;;;;;;;;
3401;;359.640.000;;;;;;;;;;;
3403;;0.000000;;;;;;;;;;;
3405;;0.360000;;;;;;;;;;;
3407;;0.720000;;;;;;;;;;;
3409;;1.080.000;;;;;;;;;;;
3411;;1.440.000;;;;;;;;;;;
3413;;1.800.000;;;;;;;;;;;
3415;;2.160.000;;;;;;;;;;;
3417;;2.520.000;;;;;;;;;;;
3419;;2.880.000;;;;;;;;;;;
3421;;3.240.000;;;;;;;;;;;
3423;;3.600.000;;;;;;;;;;;
3425;;3.960.000;;;;;;;;;;;
3427;;4.320.000;;;;;;;;;;;
3429;;4.680.000;;;;;;;;;;;
3431;;5.040.000;;;;;;;;;;;
3433;;5.400.000;;;;;;;;;;;
3435;;5.760.000;;;;;;;;;;;
3437;;6.120.000;;;;;;;;;;;
3439;;6.480.000;;;;;;;;;;;
3441;;6.840.000;;;;;;;;;;;
3443;;7.200.000;;;;;;;;;;;
3445;;7.560.000;;;;;;;;;;;
3447;;7.920.000;;;;;;;;;;;
3449;;8.280.000;;;;;;;;;;;
3451;;8.640.000;;;;;;;;;;;
3453;;9.000.000;;;;;;;;;;;
3455;;9.360.000;;;;;;;;;;;
3457;;9.720.000;;;;;;;;;;;
3459;;10.080.000;;;;;;;;;;;
3461;;10.440.000;;;;;;;;;;;
3463;;10.800.000;;;;;;;;;;;
3465;;11.160.000;;;;;;;;;;;
3467;;11.520.000;;;;;;;;;;;
3469;;11.880.000;;;;;;;;;;;
3471;;12.240.000;;;;;;;;;;;
3473;;12.600.000;;;;;;;;;;;
3475;;12.960.000;;;;;;;;;;;
3477;;13.320.000;;;;;;;;;;;
3479;;13.680.000;;;;;;;;;;;
3481;;14.040.000;;;;;;;;;;;
3483;;14.400.000;;;;;;;;;;;
3485;;14.760.000;;;;;;;;;;;
3487;;15.120.000;;;;;;;;;;;
3489;;15.480.000;;;;;;;;;;;
3491;;15.840.000;;;;;;;;;;;
3493;;16.200.000;;;;;;;;;;;
3495;;16.560.000;;;;;;;;;;;
3497;;16.920.000;;;;;;;;;;;
3499;;17.280.000;;;;;;;;;;;
3501;;17.640.000;;;;;;;;;;;
3503;;18.000.000;;;;;;;;;;;
3505;;18.360.000;;;;;;;;;;;
3507;;18.720.000;;;;;;;;;;;
3509;;19.080.000;;;;;;;;;;;
3511;;19.440.000;;;;;;;;;;;
3513;;19.800.000;;;;;;;;;;;
3515;;20.160.000;;;;;;;;;;;
3517;;20.520.000;;;;;1;;;;;;
3519;;20.880.000;;;;;;;;;;;
3521;;21.240.000;;;;;;;;;;;
3523;;21.600.000;;;;;;;;;;;
3525;;21.960.000;;;;;;;;;;;
3527;;22.320.000;;;;;;;;;;;
3529;;22.680.000;;;;;;;;;;;
3531;;23.040.000;;;;;;;;;;;
3533;;23.400.000;;;;;;;;;;;
3535;;23.760.000;;;;;;;;;;;
3537;;24.120.000;;;;;;;;;;;
3539;;24.480.000;;;;;;;;;;;
3541;;24.840.000;;;;;;;;;;;
3543;;25.200.000;;;;;;;;;;;
3545;;25.560.000;;;;;;;;;;;
3547;;25.920.000;;;;;;;;;;;
3549;;26.280.000;;;;;;1;;;;;
3551;;26.640.000;;;;;;;;;;;
3553;;27.000.000;;;;;;;;;;;
3555;;27.360.000;;;;;;;;;;;
3557;;27.720.000;;;;;;;;;;;
3559;;28.080.000;;;;;;;;;;;
3561;;28.440.000;;;;;;;;;;;
3563;;28.800.000;;;;;;;;;;;
3565;;29.160.000;;;;;;;;;;;
3567;;29.520.000;;;;;;;;;;;
3569;;29.880.000;;;;;;;;;;;
3571;;30.240.000;;;;;;;;;;;
3573;;30.600.000;;;;;;;;;;;
3575;;30.960.000;;;;;;;;;;;
3577;;31.320.000;;;;;;;;;;;
3579;;31.680.000;;;;;;;;;;;
3581;;32.040.000;;;;;;;;;;;
3583;;32.400.000;;;;;;;;;;;
3585;;32.760.000;;;;;;;;;;;
3587;;33.120.000;;;;;;;;;;;
3589;;33.480.000;;;;;;;;;;;
3591;;33.840.000;;;;;;;;;;;
3593;;34.200.000;;;;;;;;;;;
3595;;34.560.000;;;;;;;;;;;
3597;;34.920.000;;;;;;;;;;;
3599;;35.280.000;;;;;;;;;;;
3601;;35.640.000;;;;;;;;;;;
3603;;36.000.000;;;;;;;;;;;
3605;;36.360.000;;;;;;;;;;;
3607;;36.720.000;;;;;;;;;;;
3609;;37.080.000;;;;;;;;;;;
3611;;37.440.000;;;;;;;;;;;
3613;;37.800.000;;;;;;;;;;;
3615;;38.160.000;;;;;;;;;;;
3617;;38.520.000;;;;;;;;;;;
3619;;38.880.000;;;;;;;;;;;
3621;;39.240.000;;;;;;;;;;;
3623;;39.600.000;;;;;;;;;;;
3625;;39.960.000;;;;;;;;;;;
3627;;40.320.000;;;;;;;;;;;
3629;;40.680.000;;;;;;;;;;;
3631;;41.040.000;;;;;;;;;;;
3633;;41.400.000;;;;;;;;;;;
3635;;41.760.000;;;;;;;;;;;
3637;;42.120.000;;;;;;;;;;;
3639;;42.480.000;;;;;;;;;;;
3641;;42.840.000;;;;;;;;;;;
3643;;43.200.000;;;;;;;;;;;
3645;;43.560.000;;;;;;;;;;;
3647;;43.920.000;;;;;;;;;;;
3649;;44.280.000;;;;;;;;;;;
3651;;44.640.000;;;;;;;;;;;
3653;;45.000.000;;;;;;;;;;;
3655;;45.360.000;;;;;;;;;;;
3657;;45.720.000;;;;;;;;;;;
3659;;46.080.000;;;;;;;;;;;
3661;;46.440.000;;;;;;;;;;;
3663;;46.800.000;;;;;;;;;;;
3665;;47.160.000;;;;;;;;;;;
3667;;47.520.000;;;;;;;;;;;
3669;;47.880.000;;;;;;;;;;;
3671;;48.240.000;;;;;;;;;;;
3673;;48.600.000;;;;;;;;;;;
3675;;48.960.000;;;;;;;;;;;
3677;;49.320.000;;;;;;;;;;;
3679;;49.680.000;;;;;;;;;;;
3681;;50.040.000;;;;;;;;;;;
3683;;50.400.000;;;;;;;;;;;
3685;;50.760.000;;;;;;;;;;;
3687;;51.120.000;;;;;;;;;;;
3689;;51.480.000;;;;;;;;;;;
3691;;51.840.000;;;;;;;;;;;
3693;;52.200.000;;;;;;;;;;;
3695;;52.560.000;;;;;;;;;;;
3697;;52.920.000;;;;;;;;;;;
3699;;53.280.000;;;;;;;;;;;
3701;;53.640.000;;;;;;;;;;;
3703;;54.000.000;;;;;;;;;;;
3705;;54.360.000;;;;;;;;;;;
3707;;54.720.000;;;;;;;;;;;
3709;;55.080.000;;;;;;;;;;;
3711;;55.440.000;;;;;;;;;;;
3713;;55.800.000;;;;;;;;;;;
3715;;56.160.000;;;;;;;;;;;
3717;;56.520.000;;;;;;;;;;;
3719;;56.880.000;;;;;;;;;;;
3721;;57.240.000;;;;;;;;;;;
3723;;57.600.000;;;;;;;;;;;
3725;;57.960.000;;;;;;;;;;;
3727;;58.320.000;;;;;;;;;;;
3729;;58.680.000;;;;;;;;;;;
3731;;59.040.000;;;;;;;;;;;
3733;;59.400.000;;;;;;;;;;;
3735;;59.760.000;;;;;;;;;;;
3737;;60.120.000;;;;;;;;;;;
3739;;60.480.000;;;;;;;;;;;
3741;;60.840.000;;;;;;;;;;;
3743;;61.200.000;;;;;;;;;;;
3745;;61.560.000;;;;;;;;;;;
3747;;61.920.000;;;;;;;;;;;
3749;;62.280.000;;;;;;;;;;;
3751;;62.640.000;;;;;;;;;;;
3753;;63.000.000;;;;;;;;;;;
3755;;63.360.000;;;;;;;;;;;
3757;;63.720.000;;;;;;;;;;;
3759;;64.080.000;;;;;;;;;;;
3761;;64.440.000;;;;;;;;;;;
3763;;64.800.000;;;;;;;;;;;
3765;;65.160.000;;;;;;;;;;;
3767;;65.520.000;;;;;;;;;;;
3769;;65.880.000;;;;;;;;;;;
3771;;66.240.000;;;;;;;;;;;
3773;;66.600.000;;;;;;;;;;;
3775;;66.960.000;;;;;;;;;;;
3777;;67.320.000;;;;;;;;;;;
3779;;67.680.000;;;;;;;;;;;
3781;;68.040.000;;;;;;;;;;;
3783;;68.400.000;;;;;;;;;;;
3785;;68.760.000;;;;;;;;;;;
3787;;69.120.000;;;;;;;;;;;
3789;;69.480.000;;;;;;;;;;;
3791;;69.840.000;;;;;;;;;;;
3793;;70.200.000;;;;;;;;;;;
3795;;70.560.000;;;;;;;;;;;
3797;;70.920.000;;;;;;;;;;;
3799;;71.280.000;;;;;;;;;;;
3801;;71.640.000;;;;;;;;;;;
3803;;72.000.000;;;;;;;;;;;
3805;;72.360.000;;;;;;;;;;;
3807;;72.720.000;;;;;;;;;;;
3809;;73.080.000;;;;;;;;;;;
3811;;73.440.000;;;;;;;;;;;
3813;;73.800.000;;;;;;;;;;;
3815;;74.160.000;;;;;;;;;;;
3817;;74.520.000;;;;;;;;;;;
3819;;74.880.000;;;;;;;;;;;
3821;;75.240.000;;;;;;;;;;;
3823;;75.600.000;;;;;;;;;;;
3825;;75.960.000;;;;;;;;;;;
3827;;76.320.000;;;;;;;;;;;
3829;;76.680.000;;;;;;;;;;;
3831;;77.040.000;;;;;;;;;;;
3833;;77.400.000;;;;;;;;;;;
3835;;77.760.000;;;;;;;;;;;
3837;;78.120.000;;;;;;;;;;;
3839;;78.480.000;;;;;;;;;;;
3841;;78.840.000;;;;;;;;;;;
3843;;79.200.000;;;;;;;;;;;
3845;;79.560.000;;;;;;;;;;;
3847;;79.920.000;;;;;;;;;;;
3849;;80.280.000;;;;;;;;;;;
3851;;80.640.000;;;;;;;;;;;
3853;;81.000.000;;;;;;;;;;;
3855;;81.360.000;;;;;;;;;;;
3857;;81.720.000;;;;;;;;;;;
3859;;82.080.000;;;;;;;;;;;
3861;;82.440.000;;;;;;;;;;;
3863;;82.800.000;;;;;;;;;;;
3865;;83.160.000;;;;;;;;;;;
3867;;83.520.000;;;;;;;;;;;
3869;;83.880.000;;;;;;;;;;;
3871;;84.240.000;;;;;;;;;;;
3873;;84.600.000;;;;;;;;;;;
3875;;84.960.000;;;;;;;;;;;
3877;;85.320.000;;;;;;;;;;;
3879;;85.680.000;;;;;;;;;;;
3881;;86.040.000;;;;;;;;;;;
3883;;86.400.000;;;;;;;;;;;
3885;;86.760.000;;;;;;;;;;;
3887;;87.120.000;;;;;;;;;;;
3889;;87.480.000;;;;;;;;;;;
3891;;87.840.000;;;;;;;;;;;
3893;;88.200.000;;;;;;;;;;;
3895;;88.560.000;;;;;;;;;;;
3897;;88.920.000;;;;;;;;;;;
3899;;89.280.000;;;;6;;;;;;;
3901;;89.640.000;;;;;;;;;;;
3903;;90.000.000;;;;;;;;;;;
3905;;90.360.000;;;;;;;;;;;
3907;;90.720.000;;;;;;;;;;;
3909;;91.080.000;;;;;;;;;;;
3911;;91.440.000;;;;;;;;;;;
3913;;91.800.000;;;;;;;;;;;
3915;;92.160.000;;;;;;;;;;;
3917;;92.520.000;;;;;;;;;;;
3919;;92.880.000;;;;;;;;;;;
3921;;93.240.000;;;;;;;;;;;
3923;;93.600.000;;;;;;;;;;;
3925;;93.960.000;;;;;;;;;;;
3927;;94.320.000;;;;;;;;;;;
3929;;94.680.000;;;;;;;;;;;
3931;;95.040.000;;;;;;;;;;;
3933;;95.400.000;;;;;;;;;;;
3935;;95.760.000;;;;;;;;;;;
3937;;96.120.000;;;;;;;;;;;
3939;;96.480.000;;;;;;;;;;;
3941;;96.840.000;;;;;;;;;;;
3943;;97.200.000;;;;;;;;;;;
3945;;97.560.000;;;;;;;;;;;
3947;;97.920.000;;;;;;;;;;;
3949;;98.280.000;;;;;;;;;;;
3951;;98.640.000;;;;;;;;;;;
3953;;99.000.000;;;;;;;;;;;
3955;;99.360.000;;;;;;;;;;;
3957;;99.720.000;;;;;;;;;;;
3959;;100.080.000;;;;;;;;;;;
3961;;100.440.000;;;;;;;;;;;
3963;;100.800.000;;;;;;;;;;;
3965;;101.160.000;;;;;;;;;;;
3967;;101.520.000;;;;;;;;;;;
3969;;101.880.000;;;;;;;;;;;
3971;;102.240.000;;;;;;;;;;;
3973;;102.600.000;;;;;;;;;;;
3975;;102.960.000;;;;;;;;;;;
3977;;103.320.000;;;;;;;;;;;
3979;;103.680.000;;;;;;;;;;;
3981;;104.040.000;;;;;;;;;;;
3983;;104.400.000;;;;;;;;;;;
3985;;104.760.000;;;;;;;;;;;
3987;;105.120.000;;;;;;;;;;;
3989;;105.480.000;;;;;;;;;;;
3991;;105.840.000;;;;;;;;;;;
3993;;106.200.000;;;;;;;;;;;
3995;;106.560.000;;;;;;;;;;;
3997;;106.920.000;;;;;;;;;;;
3999;;107.280.000;;;;;;;;;0;;
4001;;107.640.000;;;;;;;;;;;
4003;;108.000.000;;;;;;;;;;;
4005;;108.360.000;;;;;;;;;;;
4007;;108.720.000;;;;;;;;;;;
4009;;109.080.000;;;;;;;;;;;
4011;;109.440.000;;;;;;;;;;;
4013;;109.800.000;;;;;;;;;;;
4015;;110.160.000;;;;;;;;;;;
4017;;110.520.000;;;;;;;;;;;
4019;;110.880.000;;;;;;;;;;;
4021;;111.240.000;;;;;;;;;;;
4023;;111.600.000;;;;;;;;;;;
4025;;111.960.000;;;;;;;;;;;
4027;;112.320.000;;;;;;;;;;;
4029;;112.680.000;;;;;;;;;;;
4031;;113.040.000;;;;;;;;;;;
4033;;113.400.000;;;;;;;;;;;
4035;;113.760.000;;;;;;;;;;;
4037;;114.120.000;;;;;;;;;;;
4039;;114.480.000;;;;;;;;;;;
4041;;114.840.000;;;;;;;;;;;
4043;;115.200.000;;;;;;;;;;;
4045;;115.560.000;;;;;;;;;;;
4047;;115.920.000;;;;;;;;;;;
4049;;116.280.000;;;;;;;;;;;
4051;;116.640.000;;;;;;;;;;;
4053;;117.000.000;;;;;;;;;;;
4055;;117.360.000;;;;;;;;;;;
4057;;117.720.000;;;;;;;;;;;
4059;;118.080.000;;;;;;;;;;;
4061;;118.440.000;;;;;;;;;;;
4063;;118.800.000;;;;;;;;;;;
4065;;119.160.000;;;;;;;;;;;
4067;;119.520.000;;;;;;;;;;;
4069;;119.880.000;;;;;;;;;;;
4071;;120.240.000;;;;;;;;;;;
4073;;120.600.000;;;;;;;;;;;
4075;;120.960.000;;;;;;;;;;;
4077;;121.320.000;;;;;;;;;;;
4079;;121.680.000;;;;;;;;;;;
4081;;122.040.000;;;;;;;;;;;
4083;;122.400.000;;;;;;;;;;;
4085;;122.760.000;;;;;;;;;;;
4087;;123.120.000;;;;;;;;;;;
4089;;123.480.000;;;;;;;;;;;
4091;;123.840.000;;;;;;;;;;;
4093;;124.200.000;;;;;;;;;;;
4095;;124.560.000;;;;;;;;;;;
4097;;124.920.000;;;;;;;;;;;
4099;;125.280.000;;;;;;;0;;;;
4101;;125.640.000;;0;;;;;;;;;
4103;;126.000.000;0.000000;;;;;;;;;;
4899;;;;;;1;;;;;;;
5899;;;;;;2;;;;;;;
6899;;;;;;3;;;;;;;
6999;;;;;;;;;;;1;;
7099;;;;;;;;;1;;;;
7101;;;;1;;;;;;;;;
7103;;;30.000.000;;;;;;;;;;
7105;;126.360.000;;;;;;;;;;;
7107;;126.720.000;;;;;;;;;;;
7109;;127.080.000;;;;;;;;;;;
7111;;127.440.000;;;;;;;;;;;
7113;;127.800.000;;;;;;;;;;;
7115;;128.160.000;;;;;;;;;;;
7117;;128.520.000;;;;;;;;;;;
7119;;128.880.000;;;;;;;;;;;
7121;;129.240.000;;;;;;;;;;;
7123;;129.600.000;;;;;;;;;;;
7125;;129.960.000;;;;;;;;;;;
7127;;130.320.000;;;;;;;;;;;
7129;;130.680.000;;;;;;;;;;;
7131;;131.040.000;;;;;;;;;;;
7133;;131.400.000;;;;;;;;;;;
7135;;131.760.000;;;;;;;;;;;
7137;;132.120.000;;;;;;;;;;;
7139;;132.480.000;;;;;;;;;;;
7141;;132.840.000;;;;;;;;;;;
7143;;133.200.000;;;;;;;;;;;
7145;;133.560.000;;;;;;;;;;;
7147;;133.920.000;;;;;;;;;;;
7149;;134.280.000;;;;;;;;;;;
7151;;134.640.000;;;;;;;;;;;
7153;;135.000.000;;;;;;;;;;;
7155;;135.360.000;;;;;;;;;;;
7157;;135.720.000;;;;;;;;;;;
7159;;136.080.000;;;;;;;;;;;
7161;;136.440.000;;;;;;;;;;;
7163;;136.800.000;;;;;;;;;;;
7165;;137.160.000;;;;;;;;;;;
7167;;137.520.000;;;;;;;;;;;
7169;;137.880.000;;;;;;;;;;;
7171;;138.240.000;;;;;;;;;;;
7173;;138.600.000;;;;;;;;;;;
7175;;138.960.000;;;;;;;;;;;
7177;;139.320.000;;;;;;;;;;;
7179;;139.680.000;;;;;;;;;;;
7181;;140.040.000;;;;;;;;;;;
7183;;140.400.000;;;;;;;;;;;
7185;;140.760.000;;;;;;;;;;;
7187;;141.120.000;;;;;;;;;;;
7189;;141.480.000;;;;;;;;;;;
7191;;141.840.000;;;;;;;;;;;
7193;;142.200.000;;;;;;;;;;;
7195;;142.560.000;;;;;;;;;;;
7197;;142.920.000;;;;;;;;;;;
7199;;143.280.000;;;;;;;;;;;
7201;;143.640.000;;;;;;;;;;;
7203;;144.000.000;;;;;;;;;;;
7205;;144.360.000;;;;;;;;;;;
7207;;144.720.000;;;;;;;;;;;
7209;;145.080.000;;;;;;;;;;;
7211;;145.440.000;;;;;;;;;;;
7213;;145.800.000;;;;;;;;;;;
7215;;146.160.000;;;;;;;;;;;
7217;;146.520.000;;;;;;;;;;;
7219;;146.880.000;;;;;;;;;;;
7221;;147.240.000;;;;;;;;;;;
7223;;147.600.000;;;;;;;;;;;
7225;;147.960.000;;;;;;;;;;;
7227;;148.320.000;;;;;;;;;;;
7229;;148.680.000;;;;;;;;;;;
7231;;149.040.000;;;;;;;;;;;
7233;;149.400.000;;;;;;;;;;;
7235;;149.760.000;;;;;;;;;;;
7237;;150.120.000;;;;;;;;;;;
7239;;150.480.000;;;;;;;;;;;
7241;;150.840.000;;;;;;;;;;;
7243;;151.200.000;;;;;;;;;;;
7245;;151.560.000;;;;;;;;;;;
7247;;151.920.000;;;;;;;;;;;
7249;;152.280.000;;;;;;;;;;;
7251;;152.640.000;;;;;;;;;;;
7253;;153.000.000;;;;;;;;;;;
7255;;153.360.000;;;;;;;;;;;
7257;;153.720.000;;;;;;;;;;;
7259;;154.080.000;;;;;;;;;;;
7261;;154.440.000;;;;;;;;;;;
7263;;154.800.000;;;;;;;;;;;
7265;;155.160.000;;;;;;;;;;;
7267;;155.520.000;;;;;;;;;;;
7269;;155.880.000;;;;;;;;;;;
7271;;156.240.000;;;;;;;;;;;
7273;;156.600.000;;;;;;;;;;;
7275;;156.960.000;;;;;;;;;;;
7277;;157.320.000;;;;;;;;;;;
7279;;157.680.000;;;;;;;;;;;
7281;;158.040.000;;;;;;;;;;;
7283;;158.400.000;;;;;;;;;;;
7285;;158.760.000;;;;;;;;;;;
7287;;159.120.000;;;;;;;;;;;
7289;;159.480.000;;;;;;;;;;;
7291;;159.840.000;;;;;;;;;;;
7293;;160.200.000;;;;;;;;;;;
7295;;160.560.000;;;;;;;;;;;
7297;;160.920.000;;;;;;;;;;;
7299;;161.280.000;;;;;;;;;;;
7301;;161.640.000;;;;;;;;;;;
7303;;162.000.000;;;;;;;;;;;
7305;;162.360.000;;;;;;;;;;;
7307;;162.720.000;;;;;;;;;;;
7309;;163.080.000;;;;;;;;;;;
7311;;163.440.000;;;;;;;;;;;
7313;;163.800.000;;;;;;;;;;;
7315;;164.160.000;;;;;;;;;;;
7317;;164.520.000;;;;;;;;;;;
7319;;164.880.000;;;;;;;;;;;
7321;;165.240.000;;;;;;;;;;;
7323;;165.600.000;;;;;;;;;;;
7325;;165.960.000;;;;;;;;;;;
7327;;166.320.000;;;;;;;;;;;
7329;;166.680.000;;;;;;;;;;;
7331;;167.040.000;;;;;;;;;;;
7333;;167.400.000;;;;;;;;;;;
7335;;167.760.000;;;;;;;;;;;
7337;;168.120.000;;;;;;;;;;;
7339;;168.480.000;;;;;;;;;;;
7341;;168.840.000;;;;;;;;;;;
7343;;169.200.000;;;;;;;;;;;
7345;;169.560.000;;;;;;;;;;;
7347;;169.920.000;;;;;;;;;;;
7349;;170.280.000;;;;;;;;;;;
7351;;170.640.000;;;;;;;;;;;
7353;;171.000.000;;;;;;;;;;;
7355;;171.360.000;;;;;;;;;;;
7357;;171.720.000;;;;;;;;;;;
7359;;172.080.000;;;;;;;;;;;
7361;;172.440.000;;;;;;;;;;;
7363;;172.800.000;;;;;;;;;;;
7365;;173.160.000;;;;;;;;;;;
7367;;173.520.000;;;;;;;;;;;
7369;;173.880.000;;;;;;;;;;;
7371;;174.240.000;;;;;;;;;;;
7373;;174.600.000;;;;;;;;;;;
7375;;174.960.000;;;;;;;;;;;
7377;;175.320.000;;;;;;;;;;;
7379;;175.680.000;;;;;;;;;;;
7381;;176.040.000;;;;;;;;;;;
7383;;176.400.000;;;;;;;;;;;
7385;;176.760.000;;;;;;;;;;;
7387;;177.120.000;;;;;;;;;;;
7389;;177.480.000;;;;;;;;;;;
7391;;177.840.000;;;;;;;;;;;
7393;;178.200.000;;;;;;;;;;;
7395;;178.560.000;;;;;;;;;;;
7397;;178.920.000;;;;;;;;;;;
7399;;179.280.000;;;;;;;;;;;
7401;;179.640.000;;;;;;;;;;;
7403;;180.000.000;;;;;;;;;;;
7405;;180.360.000;;;;;;;;;;;
7407;;180.720.000;;;;;;;;;;;
7409;;181.080.000;;;;;;;;;;;
7411;;181.440.000;;;;;;;;;;;
7413;;181.800.000;;;;;;;;;;;
7415;;182.160.000;;;;;;;;;;;
7417;;182.520.000;;;;;;;;;;;
7419;;182.880.000;;;;;;;;;;;
7421;;183.240.000;;;;;;;;;;;
7423;;183.600.000;;;;;;;;;;;
7425;;183.960.000;;;;;;;;;;;
7427;;184.320.000;;;;;;;;;;;
7429;;184.680.000;;;;;;;;;;;
7431;;185.040.000;;;;;;;;;;;
7433;;185.400.000;;;;;;;;;;;
7435;;185.760.000;;;;;;;;;;;
7437;;186.120.000;;;;;;;;;;;
7439;;186.480.000;;;;;;;;;;;
7441;;186.840.000;;;;;;;;;;;
7443;;187.200.000;;;;;;;;;;;
7445;;187.560.000;;;;;;;;;;;
7447;;187.920.000;;;;;;;;;;;
7449;;188.280.000;;;;;;;;;;;
7451;;188.640.000;;;;;;;;;;;
7453;;189.000.000;;;;;;;;;;;
7455;;189.360.000;;;;;;;;;;;
7457;;189.720.000;;;;;;;;;;;
7459;;190.080.000;;;;;;;;;;;
7461;;190.440.000;;;;;;;;;;;
7463;;190.800.000;;;;;;;;;;;
7465;;191.160.000;;;;;;;;;;;
7467;;191.520.000;;;;;;;;;;;
7469;;191.880.000;;;;;;;;;;;
7471;;192.240.000;;;;;;;;;;;
7473;;192.600.000;;;;;;;;;;;
7475;;192.960.000;;;;;;;;;;;
7477;;193.320.000;;;;;;;;;;;
7479;;193.680.000;;;;;;;;;;;
7481;;194.040.000;;;;;;;;;;;
7483;;194.400.000;;;;;;;;;;;
7485;;194.760.000;;;;;;;;;;;
7487;;195.120.000;;;;;;;;;;;
7489;;195.480.000;;;;;;;;;;;
7491;;195.840.000;;;;;;;;;;;
7493;;196.200.000;;;;;;;;;;;
7495;;196.560.000;;;;;;;;;;;
7497;;196.920.000;;;;;;;;;;;
7499;;197.280.000;;;;;;;;;;;
7501;;197.640.000;;;;;;;;;;;
7503;;198.000.000;;;;;;;;;;;
7505;;198.360.000;;;;;;;;;;;
7507;;198.720.000;;;;;;;;;;;
7509;;199.080.000;;;;;;;;;;;
7511;;199.440.000;;;;;;;;;;;
7513;;199.800.000;;;;;;;;;;;
7515;;200.160.000;;;;;;;;;;;
7517;;200.520.000;;;;;;;;;;;
7519;;200.880.000;;;;;;;;;;;
7521;;201.240.000;;;;;;;;;;;
7523;;201.600.000;;;;;;;;;;;
7525;;201.960.000;;;;;;;;;;;
7527;;202.320.000;;;;;;;;;;;
7529;;202.680.000;;;;;;;;;;;
7531;;203.040.000;;;;;;;;;;;
7533;;203.400.000;;;;;;;;;;;
7535;;203.760.000;;;;;;;;;;;
7537;;204.120.000;;;;;;;;;;;
7539;;204.480.000;;;;;;;;;;;
7541;;204.840.000;;;;;;;;;;;
7543;;205.200.000;;;;;;;;;;;
7545;;205.560.000;;;;;;;;;;;
7547;;205.920.000;;;;;;;;;;;
7549;;206.280.000;;;;;;;;;;;
7551;;206.640.000;;;;;;;;;;;
7553;;207.000.000;;;;;;;;;;;
7555;;207.360.000;;;;;;;;;;;
7557;;207.720.000;;;;;;;;;;;
7559;;208.080.000;;;;;;;;;;;
7561;;208.440.000;;;;;;;;;;;
7563;;208.800.000;;;;;;;;;;;
7565;;209.160.000;;;;;;;;;;;
7567;;209.520.000;;;;;;;;;;;
7569;;209.880.000;;;;;;;;;;;
7571;;210.240.000;;;;;;;;;;;
7573;;210.600.000;;;;;;;;;;;
7575;;210.960.000;;;;;;;;;;;
7577;;211.320.000;;;;;;;;;;;
7579;;211.680.000;;;;;;;;;;;
7581;;212.040.000;;;;;;;;;;;
7583;;212.400.000;;;;;;;;;;;
7585;;212.760.000;;;;;;;;;;;
7587;;213.120.000;;;;;;;;;;;
7589;;213.480.000;;;;;;;;;;;
7591;;213.840.000;;;;;;;;;;;
7593;;214.200.000;;;;;;;;;;;
7595;;214.560.000;;;;;;;;;;;
7597;;214.920.000;;;;;;;;;;;
7599;;215.280.000;;;;;;;;;;;
7601;;215.640.000;;;;;;;;;;;
7603;;216.000.000;;;;;;;;;;;
7605;;216.360.000;;;;;;;;;;;
7607;;216.720.000;;;;;;;;;;;
7609;;217.080.000;;;;;;;;;;;
7611;;217.440.000;;;;;;;;;;;
7613;;217.800.000;;;;;;;;;;;
7615;;218.160.000;;;;;;;;;;;
7617;;218.520.000;;;;;;;;;;;
7619;;218.880.000;;;;;;;;;;;
7621;;219.240.000;;;;;;;;;;;
7623;;219.600.000;;;;;;;;;;;
7625;;219.960.000;;;;;;;;;;;
7627;;220.320.000;;;;;;;;;;;
7629;;220.680.000;;;;;;;;;;;
7631;;221.040.000;;;;;;;;;;;
7633;;221.400.000;;;;;;;;;;;
7635;;221.760.000;;;;;;;;;;;
7637;;222.120.000;;;;;;;;;;;
7639;;222.480.000;;;;;;;;;;;
7641;;222.840.000;;;;;;;;;;;
7643;;223.200.000;;;;;;;;;;;
7645;;223.560.000;;;;;;;;;;;
7647;;223.920.000;;;;;;;;;;;
7649;;224.280.000;;;;;;;;;;;
7651;;224.640.000;;;;;;;;;;;
7653;;225.000.000;;;;;;;;;;;
7655;;225.360.000;;;;;;;;;;;
7657;;225.720.000;;;;;;;;;;;
7659;;226.080.000;;;;;;;;;;;
7661;;226.440.000;;;;;;;;;;;
7663;;226.800.000;;;;;;;;;;;
7665;;227.160.000;;;;;;;;;;;
7667;;227.520.000;;;;;;;;;;;
7669;;227.880.000;;;;;;;;;;;
7671;;228.240.000;;;;;;;;;;;
7673;;228.600.000;;;;;;;;;;;
7675;;228.960.000;;;;;;;;;;;
7677;;229.320.000;;;;;;;;;;;
7679;;229.680.000;;;;;;;;;;;
7681;;230.040.000;;;;;;;;;;;
7683;;230.400.000;;;;;;;;;;;
7685;;230.760.000;;;;;;;;;;;
7687;;231.120.000;;;;;;;;;;;
7689;;231.480.000;;;;;;;;;;;
7691;;231.840.000;;;;;;;;;;;
7693;;232.200.000;;;;;;;;;;;
7695;;232.560.000;;;;;;;;;;;
7697;;232.920.000;;;;;;;;;;;
7699;;233.280.000;;;;;;;;;;;
7701;;233.640.000;;;;;;;;;;;
7703;;234.000.000;;;;;;;;;;;
7705;;234.360.000;;;;;;;;;;;
7707;;234.720.000;;;;;;;;;;;
7709;;235.080.000;;;;;;;;;;;
7711;;235.440.000;;;;;;;;;;;
7713;;235.800.000;;;;;;;;;;;
7715;;236.160.000;;;;;;;;;;;
7717;;236.520.000;;;;;;;;;;;
7719;;236.880.000;;;;;;;;;;;
7721;;237.240.000;;;;;;;;;;;
7723;;237.600.000;;;;;;;;;;;
7725;;237.960.000;;;;;;;;;;;
7727;;238.320.000;;;;;;;;;;;
7729;;238.680.000;;;;;;;;;;;
7731;;239.040.000;;;;;;;;;;;
7733;;239.400.000;;;;;;;;;;;
7735;;239.760.000;;;;;;;;;;;
7737;;240.120.000;;;;;;;;;;;
7739;;240.480.000;;;;;;;;;;;
7741;;240.840.000;;;;;;;;;;;
7743;;241.200.000;;;;;;;;;;;
7745;;241.560.000;;;;;;;;;;;
7747;;241.920.000;;;;;;;;;;;
7749;;242.280.000;;;;;;;;;;;
7751;;242.640.000;;;;;;;;;;;
7753;;243.000.000;;;;;;;;;;;
7755;;243.360.000;;;;;;;;;;;
7757;;243.720.000;;;;;;;;;;;
7759;;244.080.000;;;;;;;;;;;
7761;;244.440.000;;;;;;;;;;;
7763;;244.800.000;;;;;;;;;;;
7765;;245.160.000;;;;;;;;;;;
7767;;245.520.000;;;;;;;;;;;
7769;;245.880.000;;;;;;;;;;;
7771;;246.240.000;;;;;;;;;;;
7773;;246.600.000;;;;;;;;;;;
7775;;246.960.000;;;;;;;;;;;
7777;;247.320.000;;;;;;;;;;;
7779;;247.680.000;;;;;;;;;;;
7781;;248.040.000;;;;;;;;;;;
7783;;248.400.000;;;;;;;;;;;
7785;;248.760.000;;;;;;;;;;;
7787;;249.120.000;;;;;;;;;;;
7789;;249.480.000;;;;;;;;;;;
7791;;249.840.000;;;;;;;;;;;
7793;;250.200.000;;;;;;;;;;;
7795;;250.560.000;;;;;;;;;;;
7797;;250.920.000;;;;;;;;;;;
7799;;251.280.000;;;;;;;;;;;
7801;;251.640.000;;;;;;;;;;;
7803;;252.000.000;;;;;;;;;;;
7805;;252.360.000;;;;;;;;;;;
7807;;252.720.000;;;;;;;;;;;
7809;;253.080.000;;;;;;;;;;;
7811;;253.440.000;;;;;;;;;;;
7813;;253.800.000;;;;;;;;;;;
7815;;254.160.000;;;;;;;;;;;
7817;;254.520.000;;;;;;;;;;;
7819;;254.880.000;;;;;;;;;;;
7821;;255.240.000;;;;;;;;;;;
7823;;255.600.000;;;;;;;;;;;
7825;;255.960.000;;;;;;;;;;;
7827;;256.320.000;;;;;;;;;;;
7829;;256.680.000;;;;;;;;;;;
7831;;257.040.000;;;;;;;;;;;
7833;;257.400.000;;;;;;;;;;;
7835;;257.760.000;;;;;;;;;;;
7837;;258.120.000;;;;;;;;;;;
7839;;258.480.000;;;;;;;;;;;
7841;;258.840.000;;;;;;;;;;;
7843;;259.200.000;;;;;;;;;;;
7845;;259.560.000;;;;;;;;;;;
7847;;259.920.000;;;;;;;;;;;
7849;;260.280.000;;;;;;;;;;;
7851;;260.640.000;;;;;;;;;;;
7853;;261.000.000;;;;;;;;;;;
7855;;261.360.000;;;;;;;;;;;
7857;;261.720.000;;;;;;;;;;;
7859;;262.080.000;;;;;;;;;;;
7861;;262.440.000;;;;;;;;;;;
7863;;262.800.000;;;;;;;;;;;
7865;;263.160.000;;;;;;;;;;;
7867;;263.520.000;;;;;;;;;;;
7869;;263.880.000;;;;;;;;;;;
7871;;264.240.000;;;;;;;;;;;
7873;;264.600.000;;;;;;;;;;;
7875;;264.960.000;;;;;;;;;;;
7877;;265.320.000;;;;;;;;;;;
7879;;265.680.000;;;;;;;;;;;
7881;;266.040.000;;;;;;;;;;;
7883;;266.400.000;;;;;;;;;;;
7885;;266.760.000;;;;;;;;;;;
7887;;267.120.000;;;;;;;;;;;
7889;;267.480.000;;;;;;;;;;;
7891;;267.840.000;;;;;;;;;;;
7893;;268.200.000;;;;;;;;;;;
7895;;268.560.000;;;;;;;;;;;
7897;;268.920.000;;;;;;;;;;;
7899;;269.280.000;;;;4;;;;;;;
7901;;269.640.000;;;;;;;;;;;
7903;;270.000.000;;;;;;;;;;;
7905;;270.360.000;;;;;;;;;;;
7907;;270.720.000;;;;;;;;;;;
7909;;271.080.000;;;;;;;;;;;
7911;;271.440.000;;;;;;;;;;;
7913;;271.800.000;;;;;;;;;;;
7915;;272.160.000;;;;;;;;;;;
7917;;272.520.000;;;;;;;;;;;
7919;;272.880.000;;;;;;;;;;;
7921;;273.240.000;;;;;;;;;;;
7923;;273.600.000;;;;;;;;;;;
7925;;273.960.000;;;;;;;;;;;
7927;;274.320.000;;;;;;;;;;;
7929;;274.680.000;;;;;;;;;;;
7931;;275.040.000;;;;;;;;;;;
7933;;275.400.000;;;;;;;;;;;
7935;;275.760.000;;;;;;;;;;;
7937;;276.120.000;;;;;;;;;;;
7939;;276.480.000;;;;;;;;;;;
7941;;276.840.000;;;;;;;;;;;
7943;;277.200.000;;;;;;;;;;;
7945;;277.560.000;;;;;;;;;;;
7947;;277.920.000;;;;;;;;;;;
7949;;278.280.000;;;;;;;;;;;
7951;;278.640.000;;;;;;;;;;;
7953;;279.000.000;;;;;;;;;;;
7955;;279.360.000;;;;;;;;;;;
7957;;279.720.000;;;;;;;;;;;
7959;;280.080.000;;;;;;;;;;;
7961;;280.440.000;;;;;;;;;;;
7963;;280.800.000;;;;;;;;;;;
7965;;281.160.000;;;;;;;;;;;
7967;;281.520.000;;;;;;;;;;;
7969;;281.880.000;;;;;;;;;;;
7971;;282.240.000;;;;;;;;;;;
7973;;282.600.000;;;;;;;;;;;
7975;;282.960.000;;;;;;;;;;;
7977;;283.320.000;;;;;;;;;;;
7979;;283.680.000;;;;;;;;;;;
7981;;284.040.000;;;;;;;;;;;
7983;;284.400.000;;;;;;;;;;;
7985;;284.760.000;;;;;;;;;;;
7987;;285.120.000;;;;;;;;;;;
7989;;285.480.000;;;;;;;;;;;
7991;;285.840.000;;;;;;;;;;;
7993;;286.200.000;;;;;;;;;;;
7995;;286.560.000;;;;;;;;;;;
7997;;286.920.000;;;;;;;;;;;
7999;;287.280.000;;;;;;;;;;;
8001;;287.640.000;;;;;;;;;;;
8003;;288.000.000;;;;;;;;;;;
8005;;288.360.000;;;;;;;;;;;
8007;;288.720.000;;;;;;;;;;;
8009;;289.080.000;;;;;;;;;;;
8011;;289.440.000;;;;;;;;;;;
8013;;289.800.000;;;;;;;;;;;
8015;;290.160.000;;;;;;;;;;;
8017;;290.520.000;;;;;;;;;;;
8019;;290.880.000;;;;;;;;;;;
8021;;291.240.000;;;;;;;;;;;
8023;;291.600.000;;;;;;;;;;;
8025;;291.960.000;;;;;;;;;;;
8027;;292.320.000;;;;;;;;;;;
8029;;292.680.000;;;;;;;;;;;
8031;;293.040.000;;;;;;;;;;;
8033;;293.400.000;;;;;;;;;;;
8035;;293.760.000;;;;;;;;;;;
8037;;294.120.000;;;;;;;;;;;
8039;;294.480.000;;;;;;;;;;;
8041;;294.840.000;;;;;;;;;;;
8043;;295.200.000;;;;;;;;;;;
8045;;295.560.000;;;;;;;;;;;
8047;;295.920.000;;;;;;;;;;;
8049;;296.280.000;;;;;;;;;;;
8051;;296.640.000;;;;;;;;;;;
8053;;297.000.000;;;;;;;;;;;
8055;;297.360.000;;;;;;;;;;;
8057;;297.720.000;;;;;;;;;;;
8059;;298.080.000;;;;;;;;;;;
8061;;298.440.000;;;;;;;;;;;
8063;;298.800.000;;;;;;;;;;;
8065;;299.160.000;;;;;;;;;;;
8067;;299.520.000;;;;;;;;;;;
8069;;299.880.000;;;;;;;;;;;
8071;;300.240.000;;;;;;;;;;;
8073;;300.600.000;;;;;;;;;;;
8075;;300.960.000;;;;;;;;;;;
8077;;301.320.000;;;;;;;;;;;
8079;;301.680.000;;;;;;;;;;;
8081;;302.040.000;;;;;;;;;;;
8083;;302.400.000;;;;;;;;;;;
8085;;302.760.000;;;;;;;;;;;
8087;;303.120.000;;;;;;;;;;;
8089;;303.480.000;;;;;;;;;;;
8091;;303.840.000;;;;;;;;;;;
8093;;304.200.000;;;;;;;;;;;
8095;;304.560.000;;;;;;;;;;;
8097;;304.920.000;;;;;;;;;;;
8099;;305.280.000;;;;;;;;;;;
8101;;305.640.000;;;;;;;;;;;
8103;;306.000.000;;;;;;;;;;;
8105;;306.360.000;;;;;;;;;;;
8107;;306.720.000;;;;;;;;;;;
8109;;307.080.000;;;;;;;;;;;
8111;;307.440.000;;;;;;;;;;;
8113;;307.800.000;;;;;;;;;;;
8115;;308.160.000;;;;;;;;;;;
8117;;308.520.000;;;;;;;;;;;
8119;;308.880.000;;;;;;;;;;;
8121;;309.240.000;;;;;;;;;;;
8123;;309.600.000;;;;;;;;;;;
8125;;309.960.000;;;;;;;;;;;
8127;;310.320.000;;;;;;;;;;;
8129;;310.680.000;;;;;;;;;;;
8131;;311.040.000;;;;;;;;;;;
8133;;311.400.000;;;;;;;;;;;
8135;;311.760.000;;;;;;;;;;;
8137;;312.120.000;;;;;;;;;;;
8139;;312.480.000;;;;;;;;;;;
8141;;312.840.000;;;;;;;;;;;
8143;;313.200.000;;;;;;;;;;;
8145;;313.560.000;;;;;;;;;;;
8147;;313.920.000;;;;;;;;;;;
8149;;314.280.000;;;;;;;;;;;
8151;;314.640.000;;;;;;;;;;;
8153;;315.000.000;;;;;;;;;;;
8155;;315.360.000;;;;;;;;;;;
8157;;315.720.000;;;;;;;;;;;
8159;;316.080.000;;;;;;;;;;;
8161;;316.440.000;;;;;;;;;;;
8163;;316.800.000;;;;;;;;;;;
8165;;317.160.000;;;;;;;;;;;
8167;;317.520.000;;;;;;;;;;;
8169;;317.880.000;;;;;;;;;;;
8171;;318.240.000;;;;;;;;;;;
8173;;318.600.000;;;;;;;;;;;
8175;;318.960.000;;;;;;;;;;;
8177;;319.320.000;;;;;;;;;;;
8179;;319.680.000;;;;;;;;;;;
8181;;320.040.000;;;;;;;;;;;
8183;;320.400.000;;;;;;;;;;;
8185;;320.760.000;;;;;;;;;;;
8187;;321.120.000;;;;;;;;;;;
8189;;321.480.000;;;;;;;;;;;
8191;;321.840.000;;;;;;;;;;;
8193;;322.200.000;;;;;;;;;;;
8195;;322.560.000;;;;;;;;;;;
8197;;322.920.000;;;;;;;;;;;
8199;;323.280.000;;;;;;;;;;;
8201;;323.640.000;;;;;;;;;;;
8203;;324.000.000;;;;;;;;;;;
8205;;324.360.000;;;;;;;;;;;
8207;;324.720.000;;;;;;;;;;;
8209;;325.080.000;;;;;;;;;;;
8211;;325.440.000;;;;;;;;;;;
8213;;325.800.000;;;;;;;;;;;
8215;;326.160.000;;;;;;;;;;;
8217;;326.520.000;;;;;;;;;;;
8219;;326.880.000;;;;;;;;;;;
8221;;327.240.000;;;;;;;;;;;
8223;;327.600.000;;;;;;;;;;;
8225;;327.960.000;;;;;;;;;;;
8227;;328.320.000;;;;;;;;;;;
8229;;328.680.000;;;;;;;;;;;
8231;;329.040.000;;;;;;;;;;;
8233;;329.400.000;;;;;;;;;;;
8235;;329.760.000;;;;;;;;;;;
8237;;330.120.000;;;;;;;;;;;
8239;;330.480.000;;;;;;;;;;;
8241;;330.840.000;;;;;;;;;;;
8243;;331.200.000;;;;;;;;;;;
8245;;331.560.000;;;;;;;;;;;
8247;;331.920.000;;;;;;;;;;;
8249;;332.280.000;;;;;;;;;;;
8251;;332.640.000;;;;;;;;;;;
8253;;333.000.000;;;;;;;;;;;
8255;;333.360.000;;;;;;;;;;;
8257;;333.720.000;;;;;;;;;;;
8259;;334.080.000;;;;;;;;;;;
8261;;334.440.000;;;;;;;;;;;
8263;;334.800.000;;;;;;;;;;;
8265;;335.160.000;;;;;;;;;;;
8267;;335.520.000;;;;;;;;;;;
8269;;335.880.000;;;;;;;;;;;
8271;;336.240.000;;;;;;;;;;;
8273;;336.600.000;;;;;;;;;;;
8275;;336.960.000;;;;;;;;;;;
8277;;337.320.000;;;;;;;;;;;
8279;;337.680.000;;;;;;;;;;;
8281;;338.040.000;;;;;;;;;;;
8283;;338.400.000;;;;;;;;;;;
8285;;338.760.000;;;;;;;;;;;
8287;;339.120.000;;;;;;;;;;;
8289;;339.480.000;;;;;;;;;;;
8291;;339.840.000;;;;;;;;;;;
8293;;340.200.000;;;;;;;;;;;
8295;;340.560.000;;;;;0;;;;;;
8297;;340.920.000;;;;;;;;;;;
8299;;341.280.000;;;;;;0;;;;;
8301;;341.640.000;;;;;;;;;;;
8303;;342.000.000;;;;;;;;;;;
8305;;342.360.000;;;;;;;;;;;
8307;;342.720.000;;;;;;;;;;;
8309;;343.080.000;;;;;;;;;;;
8311;;343.440.000;;;;;;;;;;;
8313;;343.800.000;;;;;;;;;;;
8315;;344.160.000;;;;;;;;;;;
8317;;344.520.000;;;;;;;;;;;
8319;;344.880.000;;;;;;;;;;;
8321;;345.240.000;;;;;;;;;;;
8323;;345.600.000;;;;;;;;;;;
8325;;345.960.000;;;;;;;;;;;
8327;;346.320.000;;;;;;;;;;;
8329;;346.680.000;;;;;;;;;;;
8331;;347.040.000;;;;;;;;;;;
8333;;347.400.000;;;;;;;;;;;
8335;;347.760.000;;;;;;;;;;;
8337;;348.120.000;;;;;;;;;;;
8339;;348.480.000;;;;;;;;;;;
8341;;348.840.000;;;;;;;;;;;
8343;;349.200.000;;;;;;;;;;;
8345;;349.560.000;;;;;;;;;;;
8347;;349.920.000;;;;;;;;;;;
8349;;350.280.000;;;;;;;;;;;
8351;;350.640.000;;;;;;;;;;;
8353;;351.000.000;;;;;;;;;;;
8355;;351.360.000;;;;;;;;;;;
8357;;351.720.000;;;;;;;;;;;
8359;;352.080.000;;;;;;;;;;;
8361;;352.440.000;;;;;;;;;;;
8363;;352.800.000;;;;;;;;;;;
8365;;353.160.000;;;;;;;;;;;
8367;;353.520.000;;;;;;;;;;;
8369;;353.880.000;;;;;;;;;;;
8371;;354.240.000;;;;;;;;;;;
8373;;354.600.000;;;;;;;;;;;
8375;;354.960.000;;;;;;;;;;;
8377;;355.320.000;;;;;;;;;;;
8379;;355.680.000;;;;;;;;;;;
8381;;356.040.000;;;;;;;;;;;
8383;;356.400.000;;;;;;;;;;;
8385;;356.760.000;;;;;;;;;;;
8387;;357.120.000;;;;;;;;;;;
8389;;357.480.000;;;;;;;;;;;
8391;;357.840.000;;;;;;;;;;;
8393;;358.200.000;;;;;;;;;;;
8395;;358.560.000;;;;;;;;;;;
8397;;358.920.000;;;;;;;;;;;
8399;;359.280.000;;;;;;;;;;;
8401;;359.640.000;;;;;;;;;;;
8403;;0.000000;;;;;;;;;;;
8405;;0.360000;;;;;;;;;;;
8407;;0.720000;;;;;;;;;;;
8409;;1.080.000;;;;;;;;;;;
8411;;1.440.000;;;;;;;;;;;
8413;;1.800.000;;;;;;;;;;;
8415;;2.160.000;;;;;;;;;;;
8417;;2.520.000;;;;;;;;;;;
8419;;2.880.000;;;;;;;;;;;
8421;;3.240.000;;;;;;;;;;;
8423;;3.600.000;;;;;;;;;;;
8425;;3.960.000;;;;;;;;;;;
8427;;4.320.000;;;;;;;;;;;
8429;;4.680.000;;;;;;;;;;;
8431;;5.040.000;;;;;;;;;;;
8433;;5.400.000;;;;;;;;;;;
8435;;5.760.000;;;;;;;;;;;
8437;;6.120.000;;;;;;;;;;;
8439;;6.480.000;;;;;;;;;;;
8441;;6.840.000;;;;;;;;;;;
8443;;7.200.000;;;;;;;;;;;
8445;;7.560.000;;;;;;;;;;;
8447;;7.920.000;;;;;;;;;;;
8449;;8.280.000;;;;;;;;;;;
8451;;8.640.000;;;;;;;;;;;
8453;;9.000.000;;;;;;;;;;;
8455;;9.360.000;;;;;;;;;;;
8457;;9.720.000;;;;;;;;;;;
8459;;10.080.000;;;;;;;;;;;
8461;;10.440.000;;;;;;;;;;;
8463;;10.800.000;;;;;;;;;;;
8465;;11.160.000;;;;;;;;;;;
8467;;11.520.000;;;;;;;;;;;
8469;;11.880.000;;;;;;;;;;;
8471;;12.240.000;;;;;;;;;;;
8473;;12.600.000;;;;;;;;;;;
8475;;12.960.000;;;;;;;;;;;
8477;;13.320.000;;;;;;;;;;;
8479;;13.680.000;;;;;;;;;;;
8481;;14.040.000;;;;;;;;;;;
8483;;14.400.000;;;;;;;;;;;
8485;;14.760.000;;;;;;;;;;;
8487;;15.120.000;;;;;;;;;;;
8489;;15.480.000;;;;;;;;;;;
8491;;15.840.000;;;;;;;;;;;
8493;;16.200.000;;;;;;;;;;;
8495;;16.560.000;;;;;;;;;;;
8497;;16.920.000;;;;;;;;;;;
8499;;17.280.000;;;;;;;;;;;
8501;;17.640.000;;;;;;;;;;;
8503;;18.000.000;;;;;;;;;;;
8505;;18.360.000;;;;;;;;;;;
8507;;18.720.000;;;;;;;;;;;
8509;;19.080.000;;;;;;;;;;;
8511;;19.440.000;;;;;;;;;;;
8513;;19.800.000;;;;;;;;;;;
8515;;20.160.000;;;;;;;;;;;
8517;;20.520.000;;;;;1;;;;;;
8519;;20.880.000;;;;;;;;;;;
8521;;21.240.000;;;;;;;;;;;
8523;;21.600.000;;;;;;;;;;;
8525;;21.960.000;;;;;;;;;;;
8527;;22.320.000;;;;;;;;;;;
8529;;22.680.000;;;;;;;;;;;
8531;;23.040.000;;;;;;;;;;;
8533;;23.400.000;;;;;;;;;;;
8535;;23.760.000;;;;;;;;;;;
8537;;24.120.000;;;;;;;;;;;
8539;;24.480.000;;;;;;;;;;;
8541;;24.840.000;;;;;;;;;;;
8543;;25.200.000;;;;;;;;;;;
8545;;25.560.000;;;;;;;;;;;
8547;;25.920.000;;;;;;;;;;;
8549;;26.280.000;;;;;;1;;;;;
8551;;26.640.000;;;;;;;;;;;
8553;;27.000.000;;;;;;;;;;;
8555;;27.360.000;;;;;;;;;;;
8557;;27.720.000;;;;;;;;;;;
8559;;28.080.000;;;;;;;;;;;
8561;;28.440.000;;;;;;;;;;;
8563;;28.800.000;;;;;;;;;;;
8565;;29.160.000;;;;;;;;;;;
8567;;29.520.000;;;;;;;;;;;
8569;;29.880.000;;;;;;;;;;;
8571;;30.240.000;;;;;;;;;;;
8573;;30.600.000;;;;;;;;;;;
8575;;30.960.000;;;;;;;;;;;
8577;;31.320.000;;;;;;;;;;;
8579;;31.680.000;;;;;;;;;;;
8581;;32.040.000;;;;;;;;;;;
8583;;32.400.000;;;;;;;;;;;
8585;;32.760.000;;;;;;;;;;;
8587;;33.120.000;;;;;;;;;;;
8589;;33.480.000;;;;;;;;;;;
8591;;33.840.000;;;;;;;;;;;
8593;;34.200.000;;;;;;;;;;;
8595;;34.560.000;;;;;;;;;;;
8597;;34.920.000;;;;;;;;;;;
8599;;35.280.000;;;;;;;;;;;
8601;;35.640.000;;;;;;;;;;;
8603;;36.000.000;;;;;;;;;;;
8605;;36.360.000;;;;;;;;;;;
8607;;36.720.000;;;;;;;;;;;
8609;;37.080.000;;;;;;;;;;;
8611;;37.440.000;;;;;;;;;;;
8613;;37.800.000;;;;;;;;;;;
8615;;38.160.000;;;;;;;;;;;
8617;;38.520.000;;;;;;;;;;;
8619;;38.880.000;;;;;;;;;;;
8621;;39.240.000;;;;;;;;;;;
8623;;39.600.000;;;;;;;;;;;
8625;;39.960.000;;;;;;;;;;;
8627;;40.320.000;;;;;;;;;;;
8629;;40.680.000;;;;;;;;;;;
8631;;41.040.000;;;;;;;;;;;
8633;;41.400.000;;;;;;;;;;;
8635;;41.760.000;;;;;;;;;;;
8637;;42.120.000;;;;;;;;;;;
8639;;42.480.000;;;;;;;;;;;
8641;;42.840.000;;;;;;;;;;;
8643;;43.200.000;;;;;;;;;;;
8645;;43.560.000;;;;;;;;;;;
8647;;43.920.000;;;;;;;;;;;
8649;;44.280.000;;;;;;;;;;;
8651;;44.640.000;;;;;;;;;;;
8653;;45.000.000;;;;;;;;;;;
8655;;45.360.000;;;;;;;;;;;
8657;;45.720.000;;;;;;;;;;;
8659;;46.080.000;;;;;;;;;;;
8661;;46.440.000;;;;;;;;;;;
8663;;46.800.000;;;;;;;;;;;
8665;;47.160.000;;;;;;;;;;;
8667;;47.520.000;;;;;;;;;;;
8669;;47.880.000;;;;;;;;;;;
8671;;48.240.000;;;;;;;;;;;
8673;;48.600.000;;;;;;;;;;;
8675;;48.960.000;;;;;;;;;;;
8677;;49.320.000;;;;;;;;;;;
8679;;49.680.000;;;;;;;;;;;
8681;;50.040.000;;;;;;;;;;;
8683;;50.400.000;;;;;;;;;;;
8685;;50.760.000;;;;;;;;;;;
8687;;51.120.000;;;;;;;;;;;
8689;;51.480.000;;;;;;;;;;;
8691;;51.840.000;;;;;;;;;;;
8693;;52.200.000;;;;;;;;;;;
8695;;52.560.000;;;;;;;;;;;
8697;;52.920.000;;;;;;;;;;;
8699;;53.280.000;;;;;;;;;;;
8701;;53.640.000;;;;;;;;;;;
8703;;54.000.000;;;;;;;;;;;
8705;;54.360.000;;;;;;;;;;;
8707;;54.720.000;;;;;;;;;;;
8709;;55.080.000;;;;;;;;;;;
8711;;55.440.000;;;;;;;;;;;
8713;;55.800.000;;;;;;;;;;;
8715;;56.160.000;;;;;;;;;;;
8717;;56.520.000;;;;;;;;;;;
8719;;56.880.000;;;;;;;;;;;
8721;;57.240.000;;;;;;;;;;;
8723;;57.600.000;;;;;;;;;;;
8725;;57.960.000;;;;;;;;;;;
8727;;58.320.000;;;;;;;;;;;
8729;;58.680.000;;;;;;;;;;;
8731;;59.040.000;;;;;;;;;;;
8733;;59.400.000;;;;;;;;;;;
8735;;59.760.000;;;;;;;;;;;
8737;;60.120.000;;;;;;;;;;;
8739;;60.480.000;;;;;;;;;;;
8741;;60.840.000;;;;;;;;;;;
8743;;61.200.000;;;;;;;;;;;
8745;;61.560.000;;;;;;;;;;;
8747;;61.920.000;;;;;;;;;;;
8749;;62.280.000;;;;;;;;;;;
8751;;62.640.000;;;;;;;;;;;
8753;;63.000.000;;;;;;;;;;;
8755;;63.360.000;;;;;;;;;;;
8757;;63.720.000;;;;;;;;;;;
8759;;64.080.000;;;;;;;;;;;
8761;;64.440.000;;;;;;;;;;;
8763;;64.800.000;;;;;;;;;;;
8765;;65.160.000;;;;;;;;;;;
8767;;65.520.000;;;;;;;;;;;
8769;;65.880.000;;;;;;;;;;;
8771;;66.240.000;;;;;;;;;;;
8773;;66.600.000;;;;;;;;;;;
8775;;66.960.000;;;;;;;;;;;
8777;;67.320.000;;;;;;;;;;;
8779;;67.680.000;;;;;;;;;;;
8781;;68.040.000;;;;;;;;;;;
8783;;68.400.000;;;;;;;;;;;
8785;;68.760.000;;;;;;;;;;;
8787;;69.120.000;;;;;;;;;;;
8789;;69.480.000;;;;;;;;;;;
8791;;69.840.000;;;;;;;;;;;
8793;;70.200.000;;;;;;;;;;;
8795;;70.560.000;;;;;;;;;;;
8797;;70.920.000;;;;;;;;;;;
8799;;71.280.000;;;;;;;;;;;
8801;;71.640.000;;;;;;;;;;;
8803;;72.000.000;;;;;;;;;;;
8805;;72.360.000;;;;;;;;;;;
8807;;72.720.000;;;;;;;;;;;
8809;;73.080.000;;;;;;;;;;;
8811;;73.440.000;;;;;;;;;;;
8813;;73.800.000;;;;;;;;;;;
8815;;74.160.000;;;;;;;;;;;
8817;;74.520.000;;;;;;;;;;;
8819;;74.880.000;;;;;;;;;;;
8821;;75.240.000;;;;;;;;;;;
8823;;75.600.000;;;;;;;;;;;
8825;;75.960.000;;;;;;;;;;;
8827;;76.320.000;;;;;;;;;;;
8829;;76.680.000;;;;;;;;;;;
8831;;77.040.000;;;;;;;;;;;
8833;;77.400.000;;;;;;;;;;;
8835;;77.760.000;;;;;;;;;;;
8837;;78.120.000;;;;;;;;;;;
8839;;78.480.000;;;;;;;;;;;
8841;;78.840.000;;;;;;;;;;;
8843;;79.200.000;;;;;;;;;;;
8845;;79.560.000;;;;;;;;;;;
8847;;79.920.000;;;;;;;;;;;
8849;;80.280.000;;;;;;;;;;;
8851;;80.640.000;;;;;;;;;;;
8853;;81.000.000;;;;;;;;;;;
8855;;81.360.000;;;;;;;;;;;
8857;;81.720.000;;;;;;;;;;;
8859;;82.080.000;;;;;;;;;;;
8861;;82.440.000;;;;;;;;;;;
8863;;82.800.000;;;;;;;;;;;
8865;;83.160.000;;;;;;;;;;;
8867;;83.520.000;;;;;;;;;;;
8869;;83.880.000;;;;;;;;;;;
8871;;84.240.000;;;;;;;;;;;
8873;;84.600.000;;;;;;;;;;;
8875;;84.960.000;;;;;;;;;;;
8877;;85.320.000;;;;;;;;;;;
8879;;85.680.000;;;;;;;;;;;
8881;;86.040.000;;;;;;;;;;;
8883;;86.400.000;;;;;;;;;;;
8885;;86.760.000;;;;;;;;;;;
8887;;87.120.000;;;;;;;;;;;
8889;;87.480.000;;;;;;;;;;;
8891;;87.840.000;;;;;;;;;;;
8893;;88.200.000;;;;;;;;;;;
8895;;88.560.000;;;;;;;;;;;
8897;;88.920.000;;;;;;;;;;;
8899;;89.280.000;;;;5;;;;;;;
8901;;89.640.000;;;;;;;;;;;
8903;;90.000.000;;;;;;;;;;;
8905;;90.360.000;;;;;;;;;;;
8907;;90.720.000;;;;;;;;;;;
8909;;91.080.000;;;;;;;;;;;
8911;;91.440.000;;;;;;;;;;;
8913;;91.800.000;;;;;;;;;;;
8915;;92.160.000;;;;;;;;;;;
8917;;92.520.000;;;;;;;;;;;
8919;;92.880.000;;;;;;;;;;;
8921;;93.240.000;;;;;;;;;;;
8923;;93.600.000;;;;;;;;;;;
8925;;93.960.000;;;;;;;;;;;
8927;;94.320.000;;;;;;;;;;;
8929;;94.680.000;;;;;;;;;;;
8931;;95.040.000;;;;;;;;;;;
8933;;95.400.000;;;;;;;;;;;
8935;;95.760.000;;;;;;;;;;;
8937;;96.120.000;;;;;;;;;;;
8939;;96.480.000;;;;;;;;;;;
8941;;96.840.000;;;;;;;;;;;
8943;;97.200.000;;;;;;;;;;;
8945;;97.560.000;;;;;;;;;;;
8947;;97.920.000;;;;;;;;;;;
8949;;98.280.000;;;;;;;;;;;
8951;;98.640.000;;;;;;;;;;;
8953;;99.000.000;;;;;;;;;;;
8955;;99.360.000;;;;;;;;;;;
8957;;99.720.000;;;;;;;;;;;
8959;;100.080.000;;;;;;;;;;;
8961;;100.440.000;;;;;;;;;;;
8963;;100.800.000;;;;;;;;;;;
8965;;101.160.000;;;;;;;;;;;
8967;;101.520.000;;;;;;;;;;;
8969;;101.880.000;;;;;;;;;;;
8971;;102.240.000;;;;;;;;;;;
8973;;102.600.000;;;;;;;;;;;
8975;;102.960.000;;;;;;;;;;;
8977;;103.320.000;;;;;;;;;;;
8979;;103.680.000;;;;;;;;;;;
8981;;104.040.000;;;;;;;;;;;
8983;;104.400.000;;;;;;;;;;;
8985;;104.760.000;;;;;;;;;;;
8987;;105.120.000;;;;;;;;;;;
8989;;105.480.000;;;;;;;;;;;
8991;;105.840.000;;;;;;;;;;;
8993;;106.200.000;;;;;;;;;;;
8995;;106.560.000;;;;;;;;;;;
8997;;106.920.000;;;;;;;;;;;
8999;;107.280.000;;;;;;;;;0;;
9001;;107.640.000;;;;;;;;;;;
9003;;108.000.000;;;;;;;;;;;
9005;;108.360.000;;;;;;;;;;;
9007;;108.720.000;;;;;;;;;;;
9009;;109.080.000;;;;;;;;;;;
9011;;109.440.000;;;;;;;;;;;
9013;;109.800.000;;;;;;;;;;;
9015;;110.160.000;;;;;;;;;;;
9017;;110.520.000;;;;;;;;;;;
9019;;110.880.000;;;;;;;;;;;
9021;;111.240.000;;;;;;;;;;;
9023;;111.600.000;;;;;;;;;;;
9025;;111.960.000;;;;;;;;;;;
9027;;112.320.000;;;;;;;;;;;
9029;;112.680.000;;;;;;;;;;;
9031;;113.040.000;;;;;;;;;;;
9033;;113.400.000;;;;;;;;;;;
9035;;113.760.000;;;;;;;;;;;
9037;;114.120.000;;;;;;;;;;;
9039;;114.480.000;;;;;;;;;;;
9041;;114.840.000;;;;;;;;;;;
9043;;115.200.000;;;;;;;;;;;
9045;;115.560.000;;;;;;;;;;;
9047;;115.920.000;;;;;;;;;;;
9049;;116.280.000;;;;;;;;;;;
9051;;116.640.000;;;;;;;;;;;
9053;;117.000.000;;;;;;;;;;;
9055;;117.360.000;;;;;;;;;;;
9057;;117.720.000;;;;;;;;;;;
9059;;118.080.000;;;;;;;;;;;
9061;;118.440.000;;;;;;;;;;;
9063;;118.800.000;;;;;;;;;;;
9065;;119.160.000;;;;;;;;;;;
9067;;119.520.000;;;;;;;;;;;
9069;;119.880.000;;;;;;;;;;;
9071;;120.240.000;;;;;;;;;;;
9073;;120.600.000;;;;;;;;;;;
9075;;120.960.000;;;;;;;;;;;
9077;;121.320.000;;;;;;;;;;;
9079;;121.680.000;;;;;;;;;;;
9081;;122.040.000;;;;;;;;;;;
9083;;122.400.000;;;;;;;;;;;
9085;;122.760.000;;;;;;;;;;;
9087;;123.120.000;;;;;;;;;;;
9089;;123.480.000;;;;;;;;;;;
9091;;123.840.000;;;;;;;;;;;
9093;;124.200.000;;;;;;;;;;;
9095;;124.560.000;;;;;;;;;;;
9097;;124.920.000;;;;;;;;;;;
9099;;125.280.000;;;;;;;0;;;;
9101;;125.640.000;;0;;;;;;;;;
9103;;126.000.000;0.000000;;;;;;;;;;
9899;;;;;;4;;;;;;;
9999;;;;;;;;;;;1;;
10099;;;;;;;;;1;;;;
10101;;;;1;;;;;;;;;
10103;;;30.000.000;;;;;;;;;;
10105;;126.360.000;;;;;;;;;;;
10107;;126.720.000;;;;;;;;;;;
10109;;127.080.000;;;;;;;;;;;
10111;;127.440.000;;;;;;;;;;;
10113;;127.800.000;;;;;;;;;;;
10115;;128.160.000;;;;;;;;;;;
10117;;128.520.000;;;;;;;;;;;
10119;;128.880.000;;;;;;;;;;;
10121;;129.240.000;;;;;;;;;;;
10123;;129.600.000;;;;;;;;;;;
10125;;129.960.000;;;;;;;;;;;
10127;;130.320.000;;;;;;;;;;;
10129;;130.680.000;;;;;;;;;;;
10131;;131.040.000;;;;;;;;;;;
10133;;131.400.000;;;;;;;;;;;
10135;;131.760.000;;;;;;;;;;;
10137;;132.120.000;;;;;;;;;;;
10139;;132.480.000;;;;;;;;;;;
10141;;132.840.000;;;;;;;;;;;
10143;;133.200.000;;;;;;;;;;;
10145;;133.560.000;;;;;;;;;;;
10147;;133.920.000;;;;;;;;;;;
10149;;134.280.000;;;;;;;;;;;
10151;;134.640.000;;;;;;;;;;;
10153;;135.000.000;;;;;;;;;;;
10155;;135.360.000;;;;;;;;;;;
10157;;135.720.000;;;;;;;;;;;
10159;;136.080.000;;;;;;;;;;;
10161;;136.440.000;;;;;;;;;;;
10163;;136.800.000;;;;;;;;;;;
10165;;137.160.000;;;;;;;;;;;
10167;;137.520.000;;;;;;;;;;;
10169;;137.880.000;;;;;;;;;;;
10171;;138.240.000;;;;;;;;;;;
10173;;138.600.000;;;;;;;;;;;
10175;;138.960.000;;;;;;;;;;;
10177;;139.320.000;;;;;;;;;;;
10179;;139.680.000;;;;;;;;;;;
10181;;140.040.000;;;;;;;;;;;
10183;;140.400.000;;;;;;;;;;;
10185;;140.760.000;;;;;;;;;;;
10187;;141.120.000;;;;;;;;;;;
10189;;141.480.000;;;;;;;;;;;
10191;;141.840.000;;;;;;;;;;;
10193;;142.200.000;;;;;;;;;;;
10195;;142.560.000;;;;;;;;;;;
10197;;142.920.000;;;;;;;;;;;
10199;;143.280.000;;;;;;;;;;;
10201;;143.640.000;;;;;;;;;;;
10203;;144.000.000;;;;;;;;;;;
10205;;144.360.000;;;;;;;;;;;
10207;;144.720.000;;;;;;;;;;;
10209;;145.080.000;;;;;;;;;;;
10211;;145.440.000;;;;;;;;;;;
10213;;145.800.000;;;;;;;;;;;
10215;;146.160.000;;;;;;;;;;;
10217;;146.520.000;;;;;;;;;;;
10219;;146.880.000;;;;;;;;;;;
10221;;147.240.000;;;;;;;;;;;
10223;;147.600.000;;;;;;;;;;;
10225;;147.960.000;;;;;;;;;;;
10227;;148.320.000;;;;;;;;;;;
10229;;148.680.000;;;;;;;;;;;
10231;;149.040.000;;;;;;;;;;;
10233;;149.400.000;;;;;;;;;;;
10235;;149.760.000;;;;;;;;;;;
10237;;150.120.000;;;;;;;;;;;
10239;;150.480.000;;;;;;;;;;;
10241;;150.840.000;;;;;;;;;;;
10243;;151.200.000;;;;;;;;;;;
10245;;151.560.000;;;;;;;;;;;
10247;;151.920.000;;;;;;;;;;;
10249;;152.280.000;;;;;;;;;;;
10251;;152.640.000;;;;;;;;;;;
10253;;153.000.000;;;;;;;;;;;
10255;;153.360.000;;;;;;;;;;;
10257;;153.720.000;;;;;;;;;;;
10259;;154.080.000;;;;;;;;;;;
10261;;154.440.000;;;;;;;;;;;
10263;;154.800.000;;;;;;;;;;;
10265;;155.160.000;;;;;;;;;;;
10267;;155.520.000;;;;;;;;;;;
10269;;155.880.000;;;;;;;;;;;
10271;;156.240.000;;;;;;;;;;;
10273;;156.600.000;;;;;;;;;;;
10275;;156.960.000;;;;;;;;;;;
10277;;157.320.000;;;;;;;;;;;
10279;;157.680.000;;;;;;;;;;;
10281;;158.040.000;;;;;;;;;;;
10283;;158.400.000;;;;;;;;;;;
10285;;158.760.000;;;;;;;;;;;
10287;;159.120.000;;;;;;;;;;;
10289;;159.480.000;;;;;;;;;;;
10291;;159.840.000;;;;;;;;;;;
10293;;160.200.000;;;;;;;;;;;
10295;;160.560.000;;;;;;;;;;;
10297;;160.920.000;;;;;;;;;;;
10299;;161.280.000;;;;;;;;;;;
10301;;161.640.000;;;;;;;;;;;
10303;;162.000.000;;;;;;;;;;;
10305;;162.360.000;;;;;;;;;;;
10307;;162.720.000;;;;;;;;;;;
10309;;163.080.000;;;;;;;;;;;
10311;;163.440.000;;;;;;;;;;;
10313;;163.800.000;;;;;;;;;;;
10315;;164.160.000;;;;;;;;;;;
10317;;164.520.000;;;;;;;;;;;
10319;;164.880.000;;;;;;;;;;;
10321;;165.240.000;;;;;;;;;;;
10323;;165.600.000;;;;;;;;;;;
10325;;165.960.000;;;;;;;;;;;
10327;;166.320.000;;;;;;;;;;;
10329;;166.680.000;;;;;;;;;;;
10331;;167.040.000;;;;;;;;;;;
10333;;167.400.000;;;;;;;;;;;
10335;;167.760.000;;;;;;;;;;;
10337;;168.120.000;;;;;;;;;;;
10339;;168.480.000;;;;;;;;;;;
10341;;168.840.000;;;;;;;;;;;
10343;;169.200.000;;;;;;;;;;;
10345;;169.560.000;;;;;;;;;;;
10347;;169.920.000;;;;;;;;;;;
10349;;170.280.000;;;;;;;;;;;
10351;;170.640.000;;;;;;;;;;;
10353;;171.000.000;;;;;;;;;;;
10355;;171.360.000;;;;;;;;;;;
10357;;171.720.000;;;;;;;;;;;
10359;;172.080.000;;;;;;;;;;;
10361;;172.440.000;;;;;;;;;;;
10363;;172.800.000;;;;;;;;;;;
10365;;173.160.000;;;;;;;;;;;
10367;;173.520.000;;;;;;;;;;;
10369;;173.880.000;;;;;;;;;;;
10371;;174.240.000;;;;;;;;;;;
10373;;174.600.000;;;;;;;;;;;
10375;;174.960.000;;;;;;;;;;;
10377;;175.320.000;;;;;;;;;;;
10379;;175.680.000;;;;;;;;;;;
10381;;176.040.000;;;;;;;;;;;
10383;;176.400.000;;;;;;;;;;;
10385;;176.760.000;;;;;;;;;;;
10387;;177.120.000;;;;;;;;;;;
10389;;177.480.000;;;;;;;;;;;
10391;;177.840.000;;;;;;;;;;;
10393;;178.200.000;;;;;;;;;;;
10395;;178.560.000;;;;;;;;;;;
10397;;178.920.000;;;;;;;;;;;
10399;;179.280.000;;;;;;;;;;;
10401;;179.640.000;;;;;;;;;;;
10403;;180.000.000;;;;;;;;;;;
10405;;180.360.000;;;;;;;;;;;
10407;;180.720.000;;;;;;;;;;;
10409;;181.080.000;;;;;;;;;;;
10411;;181.440.000;;;;;;;;;;;
10413;;181.800.000;;;;;;;;;;;
10415;;182.160.000;;;;;;;;;;;
10417;;182.520.000;;;;;;;;;;;
10419;;182.880.000;;;;;;;;;;;
10421;;183.240.000;;;;;;;;;;;
10423;;183.600.000;;;;;;;;;;;
10425;;183.960.000;;;;;;;;;;;
10427;;184.320.000;;;;;;;;;;;
10429;;184.680.000;;;;;;;;;;;
10431;;185.040.000;;;;;;;;;;;
10433;;185.400.000;;;;;;;;;;;
10435;;185.760.000;;;;;;;;;;;
10437;;186.120.000;;;;;;;;;;;
10439;;186.480.000;;;;;;;;;;;
10441;;186.840.000;;;;;;;;;;;
10443;;187.200.000;;;;;;;;;;;
10445;;187.560.000;;;;;;;;;;;
10447;;187.920.000;;;;;;;;;;;
10449;;188.280.000;;;;;;;;;;;
10451;;188.640.000;;;;;;;;;;;
10453;;189.000.000;;;;;;;;;;;
10455;;189.360.000;;;;;;;;;;;
10457;;189.720.000;;;;;;;;;;;
10459;;190.080.000;;;;;;;;;;;
10461;;190.440.000;;;;;;;;;;;
10463;;190.800.000;;;;;;;;;;;
10465;;191.160.000;;;;;;;;;;;
10467;;191.520.000;;;;;;;;;;;
10469;;191.880.000;;;;;;;;;;;
10471;;192.240.000;;;;;;;;;;;
10473;;192.600.000;;;;;;;;;;;
10475;;192.960.000;;;;;;;;;;;
10477;;193.320.000;;;;;;;;;;;
10479;;193.680.000;;;;;;;;;;;
10481;;194.040.000;;;;;;;;;;;
10483;;194.400.000;;;;;;;;;;;
10485;;194.760.000;;;;;;;;;;;
10487;;195.120.000;;;;;;;;;;;
10489;;195.480.000;;;;;;;;;;;
10491;;195.840.000;;;;;;;;;;;
10493;;196.200.000;;;;;;;;;;;
10495;;196.560.000;;;;;;;;;;;
10497;;196.920.000;;;;;;;;;;;
10499;;197.280.000;;;;;;;;;;;
10501;;197.640.000;;;;;;;;;;;
10503;;198.000.000;;;;;;;;;;;
10505;;198.360.000;;;;;;;;;;;
10507;;198.720.000;;;;;;;;;;;
10509;;199.080.000;;;;;;;;;;;
10511;;199.440.000;;;;;;;;;;;
10513;;199.800.000;;;;;;;;;;;
10515;;200.160.000;;;;;;;;;;;
10517;;200.520.000;;;;;;;;;;;
10519;;200.880.000;;;;;;;;;;;
10521;;201.240.000;;;;;;;;;;;
10523;;201.600.000;;;;;;;;;;;
10525;;201.960.000;;;;;;;;;;;
10527;;202.320.000;;;;;;;;;;;
10529;;202.680.000;;;;;;;;;;;
10531;;203.040.000;;;;;;;;;;;
10533;;203.400.000;;;;;;;;;;;
10535;;203.760.000;;;;;;;;;;;
10537;;204.120.000;;;;;;;;;;;
10539;;204.480.000;;;;;;;;;;;
10541;;204.840.000;;;;;;;;;;;
10543;;205.200.000;;;;;;;;;;;
10545;;205.560.000;;;;;;;;;;;
10547;;205.920.000;;;;;;;;;;;
10549;;206.280.000;;;;;;;;;;;
10551;;206.640.000;;;;;;;;;;;
10553;;207.000.000;;;;;;;;;;;
10555;;207.360.000;;;;;;;;;;;
10557;;207.720.000;;;;;;;;;;;
10559;;208.080.000;;;;;;;;;;;
10561;;208.440.000;;;;;;;;;;;
10563;;208.800.000;;;;;;;;;;;
10565;;209.160.000;;;;;;;;;;;
10567;;209.520.000;;;;;;;;;;;
10569;;209.880.000;;;;;;;;;;;
10571;;210.240.000;;;;;;;;;;;
10573;;210.600.000;;;;;;;;;;;
10575;;210.960.000;;;;;;;;;;;
10577;;211.320.000;;;;;;;;;;;
10579;;211.680.000;;;;;;;;;;;
10581;;212.040.000;;;;;;;;;;;
10583;;212.400.000;;;;;;;;;;;
10585;;212.760.000;;;;;;;;;;;
10587;;213.120.000;;;;;;;;;;;
10589;;213.480.000;;;;;;;;;;;
10591;;213.840.000;;;;;;;;;;;
10593;;214.200.000;;;;;;;;;;;
10595;;214.560.000;;;;;;;;;;;
10597;;214.920.000;;;;;;;;;;;
10599;;215.280.000;;;;;;;;;;;
10601;;215.640.000;;;;;;;;;;;
10603;;216.000.000;;;;;;;;;;;
10605;;216.360.000;;;;;;;;;;;
10607;;216.720.000;;;;;;;;;;;
10609;;217.080.000;;;;;;;;;;;
10611;;217.440.000;;;;;;;;;;;
10613;;217.800.000;;;;;;;;;;;
10615;;218.160.000;;;;;;;;;;;
10617;;218.520.000;;;;;;;;;;;
10619;;218.880.000;;;;;;;;;;;
10621;;219.240.000;;;;;;;;;;;
10623;;219.600.000;;;;;;;;;;;
10625;;219.960.000;;;;;;;;;;;
10627;;220.320.000;;;;;;;;;;;
10629;;220.680.000;;;;;;;;;;;
10631;;221.040.000;;;;;;;;;;;
10633;;221.400.000;;;;;;;;;;;
10635;;221.760.000;;;;;;;;;;;
10637;;222.120.000;;;;;;;;;;;
10639;;222.480.000;;;;;;;;;;;
10641;;222.840.000;;;;;;;;;;;
10643;;223.200.000;;;;;;;;;;;
10645;;223.560.000;;;;;;;;;;;
10647;;223.920.000;;;;;;;;;;;
10649;;224.280.000;;;;;;;;;;;
10651;;224.640.000;;;;;;;;;;;
10653;;225.000.000;;;;;;;;;;;
10655;;225.360.000;;;;;;;;;;;
10657;;225.720.000;;;;;;;;;;;
10659;;226.080.000;;;;;;;;;;;
10661;;226.440.000;;;;;;;;;;;
10663;;226.800.000;;;;;;;;;;;
10665;;227.160.000;;;;;;;;;;;
10667;;227.520.000;;;;;;;;;;;
10669;;227.880.000;;;;;;;;;;;
10671;;228.240.000;;;;;;;;;;;
10673;;228.600.000;;;;;;;;;;;
10675;;228.960.000;;;;;;;;;;;
10677;;229.320.000;;;;;;;;;;;
10679;;229.680.000;;;;;;;;;;;
10681;;230.040.000;;;;;;;;;;;
10683;;230.400.000;;;;;;;;;;;
10685;;230.760.000;;;;;;;;;;;
10687;;231.120.000;;;;;;;;;;;
10689;;231.480.000;;;;;;;;;;;
10691;;231.840.000;;;;;;;;;;;
10693;;232.200.000;;;;;;;;;;;
10695;;232.560.000;;;;;;;;;;;
10697;;232.920.000;;;;;;;;;;;
10699;;233.280.000;;;;;;;;;;;
10701;;233.640.000;;;;;;;;;;;
10703;;234.000.000;;;;;;;;;;;
10705;;234.360.000;;;;;;;;;;;
10707;;234.720.000;;;;;;;;;;;
10709;;235.080.000;;;;;;;;;;;
10711;;235.440.000;;;;;;;;;;;
10713;;235.800.000;;;;;;;;;;;
10715;;236.160.000;;;;;;;;;;;
10717;;236.520.000;;;;;;;;;;;
10719;;236.880.000;;;;;;;;;;;
10721;;237.240.000;;;;;;;;;;;
10723;;237.600.000;;;;;;;;;;;
10725;;237.960.000;;;;;;;;;;;
10727;;238.320.000;;;;;;;;;;;
10729;;238.680.000;;;;;;;;;;;
10731;;239.040.000;;;;;;;;;;;
10733;;239.400.000;;;;;;;;;;;
10735;;239.760.000;;;;;;;;;;;
10737;;240.120.000;;;;;;;;;;;
10739;;240.480.000;;;;;;;;;;;
10741;;240.840.000;;;;;;;;;;;
10743;;241.200.000;;;;;;;;;;;
10745;;241.560.000;;;;;;;;;;;
10747;;241.920.000;;;;;;;;;;;
10749;;242.280.000;;;;;;;;;;;
10751;;242.640.000;;;;;;;;;;;
10753;;243.000.000;;;;;;;;;;;
10755;;243.360.000;;;;;;;;;;;
10757;;243.720.000;;;;;;;;;;;
10759;;244.080.000;;;;;;;;;;;
10761;;244.440.000;;;;;;;;;;;
10763;;244.800.000;;;;;;;;;;;
10765;;245.160.000;;;;;;;;;;;
10767;;245.520.000;;;;;;;;;;;
10769;;245.880.000;;;;;;;;;;;
10771;;246.240.000;;;;;;;;;;;
10773;;246.600.000;;;;;;;;;;;
10775;;246.960.000;;;;;;;;;;;
10777;;247.320.000;;;;;;;;;;;
10779;;247.680.000;;;;;;;;;;;
10781;;248.040.000;;;;;;;;;;;
10783;;248.400.000;;;;;;;;;;;
10785;;248.760.000;;;;;;;;;;;
10787;;249.120.000;;;;;;;;;;;
10789;;249.480.000;;;;;;;;;;;
10791;;249.840.000;;;;;;;;;;;
10793;;250.200.000;;;;;;;;;;;
10795;;250.560.000;;;;;;;;;;;
10797;;250.920.000;;;;;;;;;;;
10799;;251.280.000;;;;;;;;;;;
10801;;251.640.000;;;;;;;;;;;
10803;;252.000.000;;;;;;;;;;;
10805;;252.360.000;;;;;;;;;;;
10807;;252.720.000;;;;;;;;;;;
10809;;253.080.000;;;;;;;;;;;
10811;;253.440.000;;;;;;;;;;;
10813;;253.800.000;;;;;;;;;;;
10815;;254.160.000;;;;;;;;;;;
10817;;254.520.000;;;;;;;;;;;
10819;;254.880.000;;;;;;;;;;;
10821;;255.240.000;;;;;;;;;;;
10823;;255.600.000;;;;;;;;;;;
10825;;255.960.000;;;;;;;;;;;
10827;;256.320.000;;;;;;;;;;;
10829;;256.680.000;;;;;;;;;;;
10831;;257.040.000;;;;;;;;;;;
10833;;257.400.000;;;;;;;;;;;
10835;;257.760.000;;;;;;;;;;;
10837;;258.120.000;;;;;;;;;;;
10839;;258.480.000;;;;;;;;;;;
10841;;258.840.000;;;;;;;;;;;
10843;;259.200.000;;;;;;;;;;;
10845;;259.560.000;;;;;;;;;;;
10847;;259.920.000;;;;;;;;;;;
10849;;260.280.000;;;;;;;;;;;
10851;;260.640.000;;;;;;;;;;;
10853;;261.000.000;;;;;;;;;;;
10855;;261.360.000;;;;;;;;;;;
10857;;261.720.000;;;;;;;;;;;
10859;;262.080.000;;;;;;;;;;;
10861;;262.440.000;;;;;;;;;;;
10863;;262.800.000;;;;;;;;;;;
10865;;263.160.000;;;;;;;;;;;
10867;;263.520.000;;;;;;;;;;;
10869;;263.880.000;;;;;;;;;;;
10871;;264.240.000;;;;;;;;;;;
10873;;264.600.000;;;;;;;;;;;
10875;;264.960.000;;;;;;;;;;;
10877;;265.320.000;;;;;;;;;;;
10879;;265.680.000;;;;;;;;;;;
10881;;266.040.000;;;;;;;;;;;
10883;;266.400.000;;;;;;;;;;;
10885;;266.760.000;;;;;;;;;;;
10887;;267.120.000;;;;;;;;;;;
10889;;267.480.000;;;;;;;;;;;
10891;;267.840.000;;;;;;;;;;;
10893;;268.200.000;;;;;;;;;;;
10895;;268.560.000;;;;;;;;;;;
10897;;268.920.000;;;;;;;;;;;
10899;;269.280.000;;;;;;;;;;;
10901;;269.640.000;;;;;;;;;;;
10903;;270.000.000;;;;;;;;;;;
10905;;270.360.000;;;;;;;;;;;
10907;;270.720.000;;;;;;;;;;;
10909;;271.080.000;;;;;;;;;;;
10911;;271.440.000;;;;;;;;;;;
10913;;271.800.000;;;;;;;;;;;
10915;;272.160.000;;;;;;;;;;;
10917;;272.520.000;;;;;;;;;;;
10919;;272.880.000;;;;;;;;;;;
10921;;273.240.000;;;;;;;;;;;
10923;;273.600.000;;;;;;;;;;;
10925;;273.960.000;;;;;;;;;;;
10927;;274.320.000;;;;;;;;;;;
10929;;274.680.000;;;;;;;;;;;
10931;;275.040.000;;;;;;;;;;;
10933;;275.400.000;;;;;;;;;;;
10935;;275.760.000;;;;;;;;;;;
10937;;276.120.000;;;;;;;;;;;
10939;;276.480.000;;;;;;;;;;;
10941;;276.840.000;;;;;;;;;;;
10943;;277.200.000;;;;;;;;;;;
10945;;277.560.000;;;;;;;;;;;
10947;;277.920.000;;;;;;;;;;;
10949;;278.280.000;;;;;;;;;;;
10951;;278.640.000;;;;;;;;;;;
10953;;279.000.000;;;;;;;;;;;
10955;;279.360.000;;;;;;;;;;;
10957;;279.720.000;;;;;;;;;;;
10959;;280.080.000;;;;;;;;;;;
10961;;280.440.000;;;;;;;;;;;
10963;;280.800.000;;;;;;;;;;;
10965;;281.160.000;;;;;;;;;;;
10967;;281.520.000;;;;;;;;;;;
10969;;281.880.000;;;;;;;;;;;
10971;;282.240.000;;;;;;;;;;;
10973;;282.600.000;;;;;;;;;;;
10975;;282.960.000;;;;;;;;;;;
10977;;283.320.000;;;;;;;;;;;
10979;;283.680.000;;;;;;;;;;;
10981;;284.040.000;;;;;;;;;;;
10983;;284.400.000;;;;;;;;;;;
10985;;284.760.000;;;;;;;;;;;
10987;;285.120.000;;;;;;;;;;;
10989;;285.480.000;;;;;;;;;;;
10991;;285.840.000;;;;;;;;;;;
10993;;286.200.000;;;;;;;;;;;
10995;;286.560.000;;;;;;;;;;;
10997;;286.920.000;;;;;;;;;;;
10999;;287.280.000;;;;;;;;;;;
11001;;287.640.000;;;;;;;;;;;
11003;;288.000.000;;;;;;;;;;;
11005;;288.360.000;;;;;;;;;;;
11007;;288.720.000;;;;;;;;;;;
11009;;289.080.000;;;;;;;;;;;
11011;;289.440.000;;;;;;;;;;;
11013;;289.800.000;;;;;;;;;;;
11015;;290.160.000;;;;;;;;;;;
11017;;290.520.000;;;;;;;;;;;
11019;;290.880.000;;;;;;;;;;;
11021;;291.240.000;;;;;;;;;;;
11023;;291.600.000;;;;;;;;;;;
11025;;291.960.000;;;;;;;;;;;
11027;;292.320.000;;;;;;;;;;;
11029;;292.680.000;;;;;;;;;;;
11031;;293.040.000;;;;;;;;;;;
11033;;293.400.000;;;;;;;;;;;
11035;;293.760.000;;;;;;;;;;;
11037;;294.120.000;;;;;;;;;;;
11039;;294.480.000;;;;;;;;;;;
11041;;294.840.000;;;;;;;;;;;
11043;;295.200.000;;;;;;;;;;;
11045;;295.560.000;;;;;;;;;;;
11047;;295.920.000;;;;;;;;;;;
11049;;296.280.000;;;;;;;;;;;
11051;;296.640.000;;;;;;;;;;;
11053;;297.000.000;;;;;;;;;;;
11055;;297.360.000;;;;;;;;;;;
11057;;297.720.000;;;;;;;;;;;
11059;;298.080.000;;;;;;;;;;;
11061;;298.440.000;;;;;;;;;;;
11063;;298.800.000;;;;;;;;;;;
11065;;299.160.000;;;;;;;;;;;
11067;;299.520.000;;;;;;;;;;;
11069;;299.880.000;;;;;;;;;;;
11071;;300.240.000;;;;;;;;;;;
11073;;300.600.000;;;;;;;;;;;
11075;;300.960.000;;;;;;;;;;;
11077;;301.320.000;;;;;;;;;;;
11079;;301.680.000;;;;;;;;;;;
11081;;302.040.000;;;;;;;;;;;
11083;;302.400.000;;;;;;;;;;;
11085;;302.760.000;;;;;;;;;;;
11087;;303.120.000;;;;;;;;;;;
11089;;303.480.000;;;;;;;;;;;
11091;;303.840.000;;;;;;;;;;;
11093;;304.200.000;;;;;;;;;;;
11095;;304.560.000;;;;;;;;;;;
11097;;304.920.000;;;;;;;;;;;
11099;;305.280.000;;;;;;;;;;;
11101;;305.640.000;;;;;;;;;;;
11103;;306.000.000;;;;;;;;;;;
11105;;306.360.000;;;;;;;;;;;
11107;;306.720.000;;;;;;;;;;;
11109;;307.080.000;;;;;;;;;;;
11111;;307.440.000;;;;;;;;;;;
11113;;307.800.000;;;;;;;;;;;
11115;;308.160.000;;;;;;;;;;;
11117;;308.520.000;;;;;;;;;;;
11119;;308.880.000;;;;;;;;;;;
11121;;309.240.000;;;;;;;;;;;
11123;;309.600.000;;;;;;;;;;;
11125;;309.960.000;;;;;;;;;;;
11127;;310.320.000;;;;;;;;;;;
11129;;310.680.000;;;;;;;;;;;
11131;;311.040.000;;;;;;;;;;;
11133;;311.400.000;;;;;;;;;;;
11135;;311.760.000;;;;;;;;;;;
11137;;312.120.000;;;;;;;;;;;
11139;;312.480.000;;;;;;;;;;;
11141;;312.840.000;;;;;;;;;;;
11143;;313.200.000;;;;;;;;;;;
11145;;313.560.000;;;;;;;;;;;
11147;;313.920.000;;;;;;;;;;;
11149;;314.280.000;;;;;;;;;;;
11151;;314.640.000;;;;;;;;;;;
11153;;315.000.000;;;;;;;;;;;
11155;;315.360.000;;;;;;;;;;;
11157;;315.720.000;;;;;;;;;;;
11159;;316.080.000;;;;;;;;;;;
11161;;316.440.000;;;;;;;;;;;
11163;;316.800.000;;;;;;;;;;;
11165;;317.160.000;;;;;;;;;;;
11167;;317.520.000;;;;;;;;;;;
11169;;317.880.000;;;;;;;;;;;
11171;;318.240.000;;;;;;;;;;;
11173;;318.600.000;;;;;;;;;;;
11175;;318.960.000;;;;;;;;;;;
11177;;319.320.000;;;;;;;;;;;
11179;;319.680.000;;;;;;;;;;;
11181;;320.040.000;;;;;;;;;;;
11183;;320.400.000;;;;;;;;;;;
11185;;320.760.000;;;;;;;;;;;
11187;;321.120.000;;;;;;;;;;;
11189;;321.480.000;;;;;;;;;;;
11191;;321.840.000;;;;;;;;;;;
11193;;322.200.000;;;;;;;;;;;
11195;;322.560.000;;;;;;;;;;;
11197;;322.920.000;;;;;;;;;;;
11199;;323.280.000;;;;;;;;;;;
11201;;323.640.000;;;;;;;;;;;
11203;;324.000.000;;;;;;;;;;;
11205;;324.360.000;;;;;;;;;;;
11207;;324.720.000;;;;;;;;;;;
11209;;325.080.000;;;;;;;;;;;
11211;;325.440.000;;;;;;;;;;;
11213;;325.800.000;;;;;;;;;;;
11215;;326.160.000;;;;;;;;;;;
11217;;326.520.000;;;;;;;;;;;
11219;;326.880.000;;;;;;;;;;;
11221;;327.240.000;;;;;;;;;;;
11223;;327.600.000;;;;;;;;;;;
11225;;327.960.000;;;;;;;;;;;
11227;;328.320.000;;;;;;;;;;;
11229;;328.680.000;;;;;;;;;;;
11231;;329.040.000;;;;;;;;;;;
11233;;329.400.000;;;;;;;;;;;
11235;;329.760.000;;;;;;;;;;;
11237;;330.120.000;;;;;;;;;;;
11239;;330.480.000;;;;;;;;;;;
11241;;330.840.000;;;;;;;;;;;
11243;;331.200.000;;;;;;;;;;;
11245;;331.560.000;;;;;;;;;;;
11247;;331.920.000;;;;;;;;;;;
11249;;332.280.000;;;;;;;;;;;
11251;;332.640.000;;;;;;;;;;;
11253;;333.000.000;;;;;;;;;;;
11255;;333.360.000;;;;;;;;;;;
11257;;333.720.000;;;;;;;;;;;
11259;;334.080.000;;;;;;;;;;;
11261;;334.440.000;;;;;;;;;;;
11263;;334.800.000;;;;;;;;;;;
11265;;335.160.000;;;;;;;;;;;
11267;;335.520.000;;;;;;;;;;;
11269;;335.880.000;;;;;;;;;;;
11271;;336.240.000;;;;;;;;;;;
11273;;336.600.000;;;;;;;;;;;
11275;;336.960.000;;;;;;;;;;;
11277;;337.320.000;;;;;;;;;;;
11279;;337.680.000;;;;;;;;;;;
11281;;338.040.000;;;;;;;;;;;
11283;;338.400.000;;;;;;;;;;;
11285;;338.760.000;;;;;;;;;;;
11287;;339.120.000;;;;;;;;;;;
11289;;339.480.000;;;;;;;;;;;
11291;;339.840.000;;;;;;;;;;;
11293;;340.200.000;;;;;;;;;;;
11295;;340.560.000;;;;;0;;;;;;
11297;;340.920.000;;;;;;;;;;;
11299;;341.280.000;;;;;;0;;;;;
11301;;341.640.000;;;;;;;;;;;
11303;;342.000.000;;;;;;;;;;;
11305;;342.360.000;;;;;;;;;;;
11307;;342.720.000;;;;;;;;;;;
11309;;343.080.000;;;;;;;;;;;
11311;;343.440.000;;;;;;;;;;;
11313;;343.800.000;;;;;;;;;;;
11315;;344.160.000;;;;;;;;;;;
11317;;344.520.000;;;;;;;;;;;
11319;;344.880.000;;;;;;;;;;;
11321;;345.240.000;;;;;;;;;;;
11323;;345.600.000;;;;;;;;;;;
11325;;345.960.000;;;;;;;;;;;
11327;;346.320.000;;;;;;;;;;;
11329;;346.680.000;;;;;;;;;;;
11331;;347.040.000;;;;;;;;;;;
11333;;347.400.000;;;;;;;;;;;
11335;;347.760.000;;;;;;;;;;;
11337;;348.120.000;;;;;;;;;;;
11339;;348.480.000;;;;;;;;;;;
11341;;348.840.000;;;;;;;;;;;
11343;;349.200.000;;;;;;;;;;;
11345;;349.560.000;;;;;;;;;;;
11347;;349.920.000;;;;;;;;;;;
11349;;350.280.000;;;;;;;;;;;
11351;;350.640.000;;;;;;;;;;;
11353;;351.000.000;;;;;;;;;;;
11355;;351.360.000;;;;;;;;;;;
11357;;351.720.000;;;;;;;;;;;
11359;;352.080.000;;;;;;;;;;;
11361;;352.440.000;;;;;;;;;;;
11363;;352.800.000;;;;;;;;;;;
11365;;353.160.000;;;;;;;;;;;
11367;;353.520.000;;;;;;;;;;;
11369;;353.880.000;;;;;;;;;;;
11371;;354.240.000;;;;;;;;;;;
11373;;354.600.000;;;;;;;;;;;
11375;;354.960.000;;;;;;;;;;;
11377;;355.320.000;;;;;;;;;;;
11379;;355.680.000;;;;;;;;;;;
11381;;356.040.000;;;;;;;;;;;
11383;;356.400.000;;;;;;;;;;;
11385;;356.760.000;;;;;;;;;;;
11387;;357.120.000;;;;;;;;;;;
11389;;357.480.000;;;;;;;;;;;
11391;;357.840.000;;;;;;;;;;;
11393;;358.200.000;;;;;;;;;;;
11395;;358.560.000;;;;;;;;;;;
11397;;358.920.000;;;;;;;;;;;
11399;;359.280.000;;;;;;;;;;;
11401;;359.640.000;;;;;;;;;;;
11403;;0.000000;;;;;;;;;;;
11405;;0.360000;;;;;;;;;;;
11407;;0.720000;;;;;;;;;;;
11409;;1.080.000;;;;;;;;;;;
11411;;1.440.000;;;;;;;;;;;
11413;;1.800.000;;;;;;;;;;;
11415;;2.160.000;;;;;;;;;;;
11417;;2.520.000;;;;;;;;;;;
11419;;2.880.000;;;;;;;;;;;
11421;;3.240.000;;;;;;;;;;;
11423;;3.600.000;;;;;;;;;;;
11425;;3.960.000;;;;;;;;;;;
11427;;4.320.000;;;;;;;;;;;
11429;;4.680.000;;;;;;;;;;;
11431;;5.040.000;;;;;;;;;;;
11433;;5.400.000;;;;;;;;;;;
11435;;5.760.000;;;;;;;;;;;
11437;;6.120.000;;;;;;;;;;;
11439;;6.480.000;;;;;;;;;;;
11441;;6.840.000;;;;;;;;;;;
11443;;7.200.000;;;;;;;;;;;
11445;;7.560.000;;;;;;;;;;;
11447;;7.920.000;;;;;;;;;;;
11449;;8.280.000;;;;;;;;;;;
11451;;8.640.000;;;;;;;;;;;
11453;;9.000.000;;;;;;;;;;;
11455;;9.360.000;;;;;;;;;;;
11457;;9.720.000;;;;;;;;;;;
11459;;10.080.000;;;;;;;;;;;
11461;;10.440.000;;;;;;;;;;;
11463;;10.800.000;;;;;;;;;;;
11465;;11.160.000;;;;;;;;;;;
11467;;11.520.000;;;;;;;;;;;
11469;;11.880.000;;;;;;;;;;;
11471;;12.240.000;;;;;;;;;;;
11473;;12.600.000;;;;;;;;;;;
11475;;12.960.000;;;;;;;;;;;
11477;;13.320.000;;;;;;;;;;;
11479;;13.680.000;;;;;;;;;;;
11481;;14.040.000;;;;;;;;;;;
11483;;14.400.000;;;;;;;;;;;
11485;;14.760.000;;;;;;;;;;;
11487;;15.120.000;;;;;;;;;;;
11489;;15.480.000;;;;;;;;;;;
11491;;15.840.000;;;;;;;;;;;
11493;;16.200.000;;;;;;;;;;;
11495;;16.560.000;;;;;;;;;;;
11497;;16.920.000;;;;;;;;;;;
11499;;17.280.000;;;;;;;;;;;
11501;;17.640.000;;;;;;;;;;;
11503;;18.000.000;;;;;;;;;;;
11505;;18.360.000;;;;;;;;;;;
11507;;18.720.000;;;;;;;;;;;
11509;;19.080.000;;;;;;;;;;;
11511;;19.440.000;;;;;;;;;;;
11513;;19.800.000;;;;;;;;;;;
11515;;20.160.000;;;;;;;;;;;
11517;;20.520.000;;;;;1;;;;;;
11519;;20.880.000;;;;;;;;;;;
11521;;21.240.000;;;;;;;;;;;
11523;;21.600.000;;;;;;;;;;;
11525;;21.960.000;;;;;;;;;;;
11527;;22.320.000;;;;;;;;;;;
11529;;22.680.000;;;;;;;;;;;
11531;;23.040.000;;;;;;;;;;;
11533;;23.400.000;;;;;;;;;;;
11535;;23.760.000;;;;;;;;;;;
11537;;24.120.000;;;;;;;;;;;
11539;;24.480.000;;;;;;;;;;;
11541;;24.840.000;;;;;;;;;;;
11543;;25.200.000;;;;;;;;;;;
11545;;25.560.000;;;;;;;;;;;
11547;;25.920.000;;;;;;;;;;;
11549;;26.280.000;;;;;;1;;;;;
11551;;26.640.000;;;;;;;;;;;
11553;;27.000.000;;;;;;;;;;;
11555;;27.360.000;;;;;;;;;;;
11557;;27.720.000;;;;;;;;;;;
11559;;28.080.000;;;;;;;;;;;
11561;;28.440.000;;;;;;;;;;;
11563;;28.800.000;;;;;;;;;;;
11565;;29.160.000;;;;;;;;;;;
11567;;29.520.000;;;;;;;;;;;
11569;;29.880.000;;;;;;;;;;;
11571;;30.240.000;;;;;;;;;;;
11573;;30.600.000;;;;;;;;;;;
11575;;30.960.000;;;;;;;;;;;
11577;;31.320.000;;;;;;;;;;;
11579;;31.680.000;;;;;;;;;;;
11581;;32.040.000;;;;;;;;;;;
11583;;32.400.000;;;;;;;;;;;
11585;;32.760.000;;;;;;;;;;;
11587;;33.120.000;;;;;;;;;;;
11589;;33.480.000;;;;;;;;;;;
11591;;33.840.000;;;;;;;;;;;
11593;;34.200.000;;;;;;;;;;;
11595;;34.560.000;;;;;;;;;;;
11597;;34.920.000;;;;;;;;;;;
11599;;35.280.000;;;;;;;;;;;
11601;;35.640.000;;;;;;;;;;;
11603;;36.000.000;;;;;;;;;;;
11605;;36.360.000;;;;;;;;;;;
11607;;36.720.000;;;;;;;;;;;
11609;;37.080.000;;;;;;;;;;;
11611;;37.440.000;;;;;;;;;;;
11613;;37.800.000;;;;;;;;;;;
11615;;38.160.000;;;;;;;;;;;
11617;;38.520.000;;;;;;;;;;;
11619;;38.880.000;;;;;;;;;;;
11621;;39.240.000;;;;;;;;;;;
11623;;39.600.000;;;;;;;;;;;
11625;;39.960.000;;;;;;;;;;;
11627;;40.320.000;;;;;;;;;;;
11629;;40.680.000;;;;;;;;;;;
11631;;41.040.000;;;;;;;;;;;
11633;;41.400.000;;;;;;;;;;;
11635;;41.760.000;;;;;;;;;;;
11637;;42.120.000;;;;;;;;;;;
11639;;42.480.000;;;;;;;;;;;
11641;;42.840.000;;;;;;;;;;;
11643;;43.200.000;;;;;;;;;;;
11645;;43.560.000;;;;;;;;;;;
11647;;43.920.000;;;;;;;;;;;
11649;;44.280.000;;;;;;;;;;;
11651;;44.640.000;;;;;;;;;;;
11653;;45.000.000;;;;;;;;;;;
11655;;45.360.000;;;;;;;;;;;
11657;;45.720.000;;;;;;;;;;;
11659;;46.080.000;;;;;;;;;;;
11661;;46.440.000;;;;;;;;;;;
11663;;46.800.000;;;;;;;;;;;
11665;;47.160.000;;;;;;;;;;;
11667;;47.520.000;;;;;;;;;;;
11669;;47.880.000;;;;;;;;;;;
11671;;48.240.000;;;;;;;;;;;
11673;;48.600.000;;;;;;;;;;;
11675;;48.960.000;;;;;;;;;;;
11677;;49.320.000;;;;;;;;;;;
11679;;49.680.000;;;;;;;;;;;
11681;;50.040.000;;;;;;;;;;;
11683;;50.400.000;;;;;;;;;;;
11685;;50.760.000;;;;;;;;;;;
11687;;51.120.000;;;;;;;;;;;
11689;;51.480.000;;;;;;;;;;;
11691;;51.840.000;;;;;;;;;;;
11693;;52.200.000;;;;;;;;;;;
11695;;52.560.000;;;;;;;;;;;
11697;;52.920.000;;;;;;;;;;;
11699;;53.280.000;;;;;;;;;;;
11701;;53.640.000;;;;;;;;;;;
11703;;54.000.000;;;;;;;;;;;
11705;;54.360.000;;;;;;;;;;;
11707;;54.720.000;;;;;;;;;;;
11709;;55.080.000;;;;;;;;;;;
11711;;55.440.000;;;;;;;;;;;
11713;;55.800.000;;;;;;;;;;;
11715;;56.160.000;;;;;;;;;;;
11717;;56.520.000;;;;;;;;;;;
11719;;56.880.000;;;;;;;;;;;
11721;;57.240.000;;;;;;;;;;;
11723;;57.600.000;;;;;;;;;;;
11725;;57.960.000;;;;;;;;;;;
11727;;58.320.000;;;;;;;;;;;
11729;;58.680.000;;;;;;;;;;;
11731;;59.040.000;;;;;;;;;;;
11733;;59.400.000;;;;;;;;;;;
11735;;59.760.000;;;;;;;;;;;
11737;;60.120.000;;;;;;;;;;;
11739;;60.480.000;;;;;;;;;;;
11741;;60.840.000;;;;;;;;;;;
11743;;61.200.000;;;;;;;;;;;
11745;;61.560.000;;;;;;;;;;;
11747;;61.920.000;;;;;;;;;;;
11749;;62.280.000;;;;;;;;;;;
11751;;62.640.000;;;;;;;;;;;
11753;;63.000.000;;;;;;;;;;;
11755;;63.360.000;;;;;;;;;;;
11757;;63.720.000;;;;;;;;;;;
11759;;64.080.000;;;;;;;;;;;
11761;;64.440.000;;;;;;;;;;;
11763;;64.800.000;;;;;;;;;;;
11765;;65.160.000;;;;;;;;;;;
11767;;65.520.000;;;;;;;;;;;
11769;;65.880.000;;;;;;;;;;;
11771;;66.240.000;;;;;;;;;;;
11773;;66.600.000;;;;;;;;;;;
11775;;66.960.000;;;;;;;;;;;
11777;;67.320.000;;;;;;;;;;;
11779;;67.680.000;;;;;;;;;;;
11781;;68.040.000;;;;;;;;;;;
11783;;68.400.000;;;;;;;;;;;
11785;;68.760.000;;;;;;;;;;;
11787;;69.120.000;;;;;;;;;;;
11789;;69.480.000;;;;;;;;;;;
11791;;69.840.000;;;;;;;;;;;
11793;;70.200.000;;;;;;;;;;;
11795;;70.560.000;;;;;;;;;;;
11797;;70.920.000;;;;;;;;;;;
11799;;71.280.000;;;;;;;;;;;
11801;;71.640.000;;;;;;;;;;;
11803;;72.000.000;;;;;;;;;;;
11805;;72.360.000;;;;;;;;;;;
11807;;72.720.000;;;;;;;;;;;
11809;;73.080.000;;;;;;;;;;;
11811;;73.440.000;;;;;;;;;;;
11813;;73.800.000;;;;;;;;;;;
11815;;74.160.000;;;;;;;;;;;
11817;;74.520.000;;;;;;;;;;;
11819;;74.880.000;;;;;;;;;;;
11821;;75.240.000;;;;;;;;;;;
11823;;75.600.000;;;;;;;;;;;
11825;;75.960.000;;;;;;;;;;;
11827;;76.320.000;;;;;;;;;;;
11829;;76.680.000;;;;;;;;;;;
11831;;77.040.000;;;;;;;;;;;
11833;;77.400.000;;;;;;;;;;;
11835;;77.760.000;;;;;;;;;;;
11837;;78.120.000;;;;;;;;;;;
11839;;78.480.000;;;;;;;;;;;
11841;;78.840.000;;;;;;;;;;;
11843;;79.200.000;;;;;;;;;;;
11845;;79.560.000;;;;;;;;;;;
11847;;79.920.000;;;;;;;;;;;
11849;;80.280.000;;;;;;;;;;;
11851;;80.640.000;;;;;;;;;;;
11853;;81.000.000;;;;;;;;;;;
11855;;81.360.000;;;;;;;;;;;
11857;;81.720.000;;;;;;;;;;;
11859;;82.080.000;;;;;;;;;;;
11861;;82.440.000;;;;;;;;;;;
11863;;82.800.000;;;;;;;;;;;
11865;;83.160.000;;;;;;;;;;;
11867;;83.520.000;;;;;;;;;;;
11869;;83.880.000;;;;;;;;;;;
11871;;84.240.000;;;;;;;;;;;
11873;;84.600.000;;;;;;;;;;;
11875;;84.960.000;;;;;;;;;;;
11877;;85.320.000;;;;;;;;;;;
11879;;85.680.000;;;;;;;;;;;
11881;;86.040.000;;;;;;;;;;;
11883;;86.400.000;;;;;;;;;;;
11885;;86.760.000;;;;;;;;;;;
11887;;87.120.000;;;;;;;;;;;
11889;;87.480.000;;;;;;;;;;;
11891;;87.840.000;;;;;;;;;;;
11893;;88.200.000;;;;;;;;;;;
11895;;88.560.000;;;;;;;;;;;
11897;;88.920.000;;;;;;;;;;;
